Id,Predicted
1,0.9340649999999998
2,0.9087345750000001
3,0.9124572000000001
4,0.9457060333333333
5,0.9523066666666666
6,0.9214454
7,0.9080398199999999
8,0.9217616
9,0.9129881961904763
10,0.9114522444444445
11,0.90491715
12,0.9168593333333332
13,0.9133785000000001
14,0.9291057333333335
15,0.9161280333333334
16,0.9226092333333333
17,0.914017625
18,0.9065135333333334
19,0.9232651399999998
20,0.9191396
21,0.9275609999999999
22,0.9029006166666665
23,0.9070823366666669
24,0.9346972499999999
25,0.9094715333333335
26,0.9199458833333335
27,0.9141506266666667
28,0.9136313750000001
29,0.9368743333333335
30,0.907441275
31,0.9000084866666667
32,0.9181404428571429
33,0.9167621666666665
34,0.95332445
35,0.9149732033333333
36,0.947504706111111
37,0.9092930266666667
38,0.9317692333333334
39,0.9512013749999999
40,0.912709975
41,0.9090786
42,0.92244434
43,0.9140002833333334
44,0.9419150666666667
45,0.9028965399999999
46,0.9358717999999999
47,0.9123198199999999
48,0.9129312500000001
49,0.9080307466666667
50,0.9191667452380953
51,0.9106431133333335
52,0.9090590000000001
53,0.9319152
54,0.9386676666666667
55,0.9057269333333332
56,0.9183426499999999
57,0.9060705
58,0.9059394333333334
59,0.9209371416666666
60,0.9316468900000002
61,0.9100421333333333
62,0.9091546291666667
63,0.9037353333333336
64,0.9353952000000001
65,0.9387775333333334
66,0.9324209000000001
67,0.9245558333333335
68,0.9201524338888888
69,0.9348327333333334
70,0.9214769666666667
71,0.9237398000000001
72,0.9378620666666666
73,0.9163203666666666
74,0.9214455500000002
75,0.9199096000000001
76,0.9033966000000001
77,0.9353207533333334
78,0.9060282
79,0.9282972
80,0.9285064666666665
81,0.9113775500000001
82,0.9090424
83,0.9250922733333333
84,0.9248599000000001
85,0.9081615261904762
86,0.9092623
87,0.9442050500000001
88,0.9034959333333333
89,0.9178252500000001
90,0.9104296698412698
91,0.9097470333333334
92,0.929026
93,0.9081075000000001
94,0.9321464899999998
95,0.9269801571428571
96,0.9095911750000001
97,0.9029177166666665
98,0.9025687000000001
99,0.9148239166666666
100,0.9247605499999999
101,0.9134869
102,0.91159975
103,0.9163233666666665
104,0.9180844333333333
105,0.9109509833333334
106,0.92471845
107,0.9262422333333333
108,0.9319354500000001
109,0.94971582
110,0.9227401666666667
111,0.9199456000000001
112,0.9126333499999999
113,0.9369375999999999
114,0.9342246
115,0.9185682
116,0.9332490666666666
117,0.9184259833333333
118,0.9207709
119,0.9071243666666666
120,0.9186691499999998
121,0.942790675
122,0.9071936
123,0.91928282
124,0.9151436750000002
125,0.9064300333333332
126,0.9075159000000002
127,0.9434960333333333
128,0.9283017000000001
129,0.90364828
130,0.9049012607142857
131,0.9310275750000001
132,0.9076242499999999
133,0.9258656466666666
134,0.9109996333333334
135,0.9058421583333333
136,0.9226218999999999
137,0.9215574
138,0.9159616099999999
139,0.9152215
140,0.9115041000000002
141,0.9190605999999999
142,0.9165378750000001
143,0.9149322000000002
144,0.9358376999999999
145,0.9227212999999999
146,0.9276994333333335
147,0.9152191249999998
148,0.9115748666666666
149,0.9046817642857142
150,0.90273526
151,0.9040108999999997
152,0.907010845
153,0.9395377999999999
154,0.9285261166666665
155,0.91506858
156,0.92983745
157,0.9185396333333333
158,0.9465132
159,0.9114454000000001
160,0.91774165
161,0.9255736000000001
162,0.9228876333333332
163,0.9245165999999999
164,0.9245620000000001
165,0.9081394416666667
166,0.8985908666666667
167,0.9109757
168,0.9106741466666668
169,0.9144418571428572
170,0.9313218500000001
171,0.942638975
172,0.9201731699999998
173,0.911443
174,0.9206391249999999
175,0.9224345500000002
176,0.9094174
177,0.9069468
178,0.9017345999999999
179,0.91247135
180,0.9152574
181,0.9267795000000001
182,0.9225742964285712
183,0.9049203000000002
184,0.92606575
185,0.9091042833333335
186,0.91315894
187,0.9194127
188,0.9083288999999999
189,0.9302746583333332
190,0.9123204999999999
191,0.91600185
192,0.9180541999999999
193,0.91028905
194,0.9101927083333333
195,0.9170536500000003
196,0.9025637999999999
197,0.9188619000000001
198,0.9063323999999999
199,0.9309214499999999
200,0.9189359866666666
201,0.9271725399999999
202,0.9407225999999997
203,0.915227142857143
204,0.9247938666666666
205,0.9155772666666667
206,0.9172224333333332
207,0.9215250666666666
208,0.9185203
209,0.90661583
210,0.9229668166666668
211,0.9192186
212,0.9482445666666667
213,0.9498734000000001
214,0.9148654199999999
215,0.9049139666666667
216,0.9181934999999999
217,0.9261006999999999
218,0.9194579714285714
219,0.9590172000000001
220,0.9208760999999999
221,0.9081062228571429
222,0.91320312
223,0.9363805499999998
224,0.9077775666666668
225,0.94148678
226,0.9269105
227,0.9391689000000001
228,0.9276580499999998
229,0.9233786
230,0.9072184400000001
231,0.93503615
232,0.9153118666666666
233,0.9086284833333332
234,0.9210353460317462
235,0.9098218999999999
236,0.9133313166666668
237,0.9190951833333333
238,0.9181482666666667
239,0.91704422
240,0.9285726499999999
241,0.9382942333333333
242,0.9217066666666668
243,0.9078682
244,0.9027737699999999
245,0.9136405000000002
246,0.9088331666666667
247,0.9397425500000001
248,0.9041769866666666
249,0.9109214666666666
250,0.9225655249999999
251,0.9085417999999998
252,0.9318549666666666
253,0.9210884499999998
254,0.9116223600000002
255,0.9127597500000002
256,0.9388618000000001
257,0.94144085
258,0.9077595833333332
259,0.9259122999999999
260,0.9094038000000001
261,0.9163851035714284
262,0.93638496
263,0.9148167199999999
264,0.9195258000000001
265,0.9325201999999999
266,0.9060325199999999
267,0.9014137000000002
268,0.91967765
269,0.9144084999999998
270,0.9229946
271,0.9205090666666669
272,0.9247635999999998
273,0.896946725
274,0.9044851749999999
275,0.93025745
276,0.9080066333333333
277,0.9355375666666668
278,0.911876775
279,0.9291273999999999
280,0.9021891499999999
281,0.9078718666666667
282,0.9087564666666665
283,0.9257156799999999
284,0.9385392500000002
285,0.9060041333333333
286,0.9102861333333335
287,0.9067749666666666
288,0.918127975
289,0.9111686499999999
290,0.9214723500000002
291,0.9382330799999998
292,0.9358717999999999
293,0.90839182
294,0.9081194547619049
295,0.92092145
296,0.9155781
297,0.9069467500000001
298,0.9237784705555555
299,0.9029946166666665
300,0.9337310999999999
301,0.9199208999999999
302,0.9147695999999998
303,0.9317571499999999
304,0.907093838095238
305,0.904104
306,0.9028652899999999
307,0.9082832958333332
308,0.9070606066666669
309,0.9181436833333334
310,0.9264240714285712
311,0.9161260999999999
312,0.9048870333333333
313,0.9380363461538461
314,0.9430894666666665
315,0.9438873666666666
316,0.9075642285714286
317,0.91259255
318,0.9136719999999998
319,0.9056188000000001
320,0.9089974999999999
321,0.9015628
322,0.9482834499999999
323,0.90658724
324,0.92293582
325,0.9277241133333334
326,0.9299458000000002
327,0.9511766749999999
328,0.9007634000000001
329,0.9095980000000001
330,0.9247696047619047
331,0.9148013999999998
332,0.9243542000000001
333,0.9025006066666666
334,0.9245664499999998
335,0.92202164
336,0.9157272000000001
337,0.9135138750000001
338,0.908599875
339,0.9420807333333334
340,0.9091600000000002
341,0.9398148
342,0.9150895416666666
343,0.9295303
344,0.92515345
345,0.9070642
346,0.9365310166666667
347,0.9246836999999999
348,0.9323074571428572
349,0.9416530999999999
350,0.9347666916666665
351,0.9076078933333335
352,0.9168970499999999
353,0.919074
354,0.9218248000000001
355,0.9234884666666666
356,0.9543346333333333
357,0.9295130083333332
358,0.9039294
359,0.9183921999999999
360,0.92300205
361,0.9033393333333335
362,0.9110027
363,0.9345107916666666
364,0.9079765666666667
365,0.9077868166666668
366,0.9207950333333335
367,0.9268564999999999
368,0.9214588666666664
369,0.8962242333333332
370,0.9586200999999999
371,0.9396034583333333
372,0.9211472
373,0.9328858099999999
374,0.9199098666666667
375,0.9060808800000002
376,0.9273486999999999
377,0.9189972
378,0.9214036000000002
379,0.8982009333333334
380,0.9123064666666666
381,0.9417012
382,0.9168931833333331
383,0.9097952333333333
384,0.90885464
385,0.9347064333333333
386,0.9205963333333335
387,0.9147306000000001
388,0.9127333583333332
389,0.9090359000000001
390,0.924014705
391,0.9246431666666666
392,0.9133446166666668
393,0.9542095500000002
394,0.938410075
395,0.9168907200000002
396,0.9409034500000001
397,0.9230954333333334
398,0.9090637142857142
399,0.9104603785714286
400,0.9318564
401,0.9219875999999999
402,0.9049142
403,0.9128794250000001
404,0.9389145666666666
405,0.9253688666666665
406,0.9087602499999999
407,0.9043179
408,0.9106668750000001
409,0.9314814
410,0.9275496249999999
411,0.9103763166666665
412,0.9320803900000001
413,0.9221091299999999
414,0.9207860000000002
415,0.9294919166666666
416,0.9232972
417,0.90971545
418,0.9046831166666667
419,0.9267164333333333
420,0.9052778333333334
421,0.9194922539682541
422,0.9314213
423,0.8984101499999999
424,0.9285636
425,0.9208310833333334
426,0.9439354333333334
427,0.9234734
428,0.9306430000000001
429,0.9071048000000002
430,0.9096802142857143
431,0.9198826999999999
432,0.9103567
433,0.91179944
434,0.9502963300000001
435,0.92029618
436,0.9128274000000001
437,0.9073459399999999
438,0.9212073666666665
439,0.9038019874999998
440,0.9064751699999999
441,0.9111924499999999
442,0.9322042500000001
443,0.9285381166666667
444,0.9440770666666667
445,0.94769045
446,0.9085966794871794
447,0.9087834333333333
448,0.9106562333333332
449,0.9197721233333332
450,0.91617435
451,0.9090515000000001
452,0.9266983874999999
453,0.92512195
454,0.9059552
455,0.9037803499999999
456,0.9012605666666665
457,0.9063995266666666
458,0.9375383166666668
459,0.91684735
460,0.9280368666666667
461,0.9394126095238094
462,0.9129630000000001
463,0.9113533
464,0.9163052333333335
465,0.9196656000000001
466,0.9155890000000001
467,0.9213142083333332
468,0.9190995444444445
469,0.9446068999999999
470,0.90273173
471,0.9121983374999999
472,0.9237219
473,0.9480487999999999
474,0.9136304999999998
475,0.9298073333333333
476,0.9292971933333334
477,0.9146951624999999
478,0.9224478566666667
479,0.9145622238095237
480,0.9499638999999999
481,0.9300963666666666
482,0.9122010833333333
483,0.9219092999999999
484,0.92444445
485,0.9215055619047618
486,0.9150105999999999
487,0.9092430200000001
488,0.9143676166666665
489,0.9220267
490,0.9143902
491,0.9386992
492,0.9065103800000001
493,0.9259994428571428
494,0.9124533166666666
495,0.9286811500000001
496,0.9223306333333333
497,0.9308266
498,0.914234375
499,0.9300364666666667
500,0.9257152166666668
501,0.9638182333333333
502,0.9202394999999999
503,0.90534812
504,0.9264753833333333
505,0.9228349833333332
506,0.9118122750000002
507,0.9337307000000001
508,0.9220142999999998
509,0.9567781166666667
510,0.9075500700000001
511,0.9145641999999998
512,0.9139859249999999
513,0.9065006100000002
514,0.9084001083333332
515,0.9358846777777778
516,0.922
517,0.9142458666666666
518,0.9338751999999999
519,0.9261517000000001
520,0.9273532
521,0.9438528833333333
522,0.9140131499999999
523,0.9292998166666667
524,0.9287804000000002
525,0.9287082
526,0.9145438
527,0.9198131833333335
528,0.9045303499999999
529,0.9213413999999999
530,0.9017252000000001
531,0.9250678000000001
532,0.91750308
533,0.9064452749999999
534,0.917963
535,0.9277536
536,0.9145889
537,0.9289174555555555
538,0.920575725
539,0.9505594928571428
540,0.9127116000000001
541,0.9247650500000001
542,0.9119994333333332
543,0.9152120300000002
544,0.9233477749999999
545,0.9058446499999999
546,0.9385096
547,0.9011045171428572
548,0.9315988000000001
549,0.9426378499999999
550,0.9095362666666666
551,0.9113873116666668
552,0.9149286200000001
553,0.9130018833333333
554,0.9059772
555,0.9543872500000001
556,0.9136645833333334
557,0.9175668666666666
558,0.9216302999999998
559,0.9131347000000002
560,0.909169
561,0.9239233666666667
562,0.9076348777777777
563,0.9248599000000001
564,0.9125249
565,0.9217880366666668
566,0.91385459
567,0.9627831833333336
568,0.9133313166666668
569,0.9253805761904761
570,0.9181805166666669
571,0.9065175
572,0.9190892166666667
573,0.9057225333333332
574,0.9336856000000001
575,0.9209816888888888
576,0.9337812583333334
577,0.9168076
578,0.9130444333333335
579,0.9128280399999997
580,0.9303477499999999
581,0.9080487833333333
582,0.9318022000000001
583,0.9114468749999999
584,0.9138059476190478
585,0.9330099166666667
586,0.9072539
587,0.927321725
588,0.9131810642857143
589,0.9215128333333334
590,0.9151570485714284
591,0.9261969999999999
592,0.9121192066666668
593,0.8921478749999998
594,0.9139654916666666
595,0.9334507000000001
596,0.9073455499999998
597,0.9120260661904762
598,0.936856375
599,0.9172809500000001
600,0.9288707500000001
601,0.9307497499999998
602,0.9210083599999999
603,0.9263083166666666
604,0.9249503666666667
605,0.9496055333333334
606,0.9028566400000001
607,0.9227135533333334
608,0.9052693999999999
609,0.9036655999999998
610,0.9317522
611,0.913744475
612,0.9204366222222223
613,0.9484537999999999
614,0.9202348999999999
615,0.9180759333333335
616,0.9198667
617,0.9413368999999999
618,0.9336856000000001
619,0.9308763000000001
620,0.9118247061904763
621,0.9130262874999999
622,0.9055434666666666
623,0.9179435
624,0.9097315033333334
625,0.9034869000000001
626,0.9316650333333334
627,0.9035142
628,0.9030171666666666
629,0.9009182499999999
630,0.9293165
631,0.90880005
632,0.9470032750000001
633,0.91708215
634,0.9456910799999999
635,0.9353410066666668
636,0.9282451583333333
637,0.9137184214285716
638,0.9069135833333334
639,0.909012025
640,0.9089693916666667
641,0.9282677625
642,0.9055466000000001
643,0.9110600533333335
644,0.9167028
645,0.914426375
646,0.9498193
647,0.9343994
648,0.91691495
649,0.9254560499999999
650,0.9187556000000001
651,0.9120084666666666
652,0.9057075833333335
653,0.9233183333333332
654,0.913096375
655,0.9110057833333333
656,0.9282611
657,0.9219194500000002
658,0.9127326
659,0.9241552500000001
660,0.9413225799999999
661,0.924699525
662,0.9060644833333333
663,0.9228998
664,0.9106558599999998
665,0.9027971666666664
666,0.9326317333333334
667,0.9123848499999999
668,0.9152760749999999
669,0.9512073333333333
670,0.9059711
671,0.9156608833333333
672,0.917607716666667
673,0.9241720166666667
674,0.9116418500000002
675,0.9059495
676,0.9037896249999999
677,0.9381121666666667
678,0.9135303200000001
679,0.908127
680,0.9096816125
681,0.9169377000000001
682,0.9045482000000001
683,0.9119771041666667
684,0.9140529199999999
685,0.9137112166666667
686,0.9382420166666667
687,0.9110550333333333
688,0.9589264916666668
689,0.9233333666666667
690,0.9289069
691,0.9171436466666668
692,0.9086179499999998
693,0.9196229499999999
694,0.9344829749999999
695,0.9361425999999999
696,0.9253747666666667
697,0.9148186999999999
698,0.8991912066666666
699,0.9152272666666667
700,0.9072312666666666
701,0.9204064666666667
702,0.9089550366666665
703,0.9278079333333334
704,0.9253439794871794
705,0.9095994333333334
706,0.9377100749999998
707,0.9139626833333333
708,0.9585260333333334
709,0.9308400000000001
710,0.9102048166666667
711,0.9327281
712,0.9447747549999999
713,0.9086510333333335
714,0.8990831
715,0.9223217
716,0.9141482
717,0.923839225
718,0.9066212361904762
719,0.9093135999999999
720,0.9153653691666666
721,0.9255345666666667
722,0.9359800714285715
723,0.9298736333333334
724,0.9045341333333333
725,0.9142910000000001
726,0.9256502999999998
727,0.9419753333333333
728,0.9686080083333334
729,0.9156438500000001
730,0.9129583499999999
731,0.9062029333333333
732,0.92596655
733,0.9226075119047618
734,0.9105926199999999
735,0.9490711466666667
736,0.9311562999999999
737,0.8985844350000001
738,0.9467569000000001
739,0.9124394904761906
740,0.9153952499999999
741,0.9260162833333332
742,0.9264653571428573
743,0.92440375
744,0.9392231499999999
745,0.9007378666666666
746,0.9139980400000001
747,0.9180621833333333
748,0.9288433733333333
749,0.9304328166666667
750,0.9284088711538463
751,0.9133343500000001
752,0.9061336416666667
753,0.93392495
754,0.9128906571428572
755,0.91244815
756,0.9239205833333333
757,0.92739914
758,0.9311892555555554
759,0.9419421
760,0.9140469333333332
761,0.9325737000000001
762,0.9126757714285713
763,0.9269286000000001
764,0.91025232
765,0.9103402333333334
766,0.9024103499999999
767,0.90443545
768,0.9268809571428571
769,0.9822715000000001
770,0.8875277333333333
771,0.9328274749999999
772,0.9259530999999999
773,0.9276819375
774,0.9205301499999999
775,0.90976075
776,0.91354325
777,0.9209122666666666
778,0.9079853333333332
779,0.9138435749999999
780,0.9104743000000001
781,0.9117416416666666
782,0.9440604999999997
783,0.9322446999999998
784,0.9086049285714287
785,0.9184130671428571
786,0.9093720500000002
787,0.9275640666666666
788,0.9577816904761904
789,0.919463011904762
790,0.9619666983333334
791,0.9096015936363638
792,0.9187896
793,0.925029425
794,0.9185894785714286
795,0.92133168
796,0.9449729999999998
797,0.9190334000000002
798,0.9411592999999998
799,0.9336821750000001
800,0.9150391333333333
801,0.92282022
802,0.9020038016666664
803,0.926781775
804,0.9064295124999999
805,0.9305552066666669
806,0.9157168833333333
807,0.9115899033333335
808,0.9182414666666666
809,0.9051160333333333
810,0.91750577
811,0.9238263749999998
812,0.905149
813,0.914955
814,0.9325253714285715
815,0.9116923133333332
816,0.8998617866666667
817,0.9217253
818,0.9254652999999999
819,0.9180992400000001
820,0.9105619599999999
821,0.9215537000000001
822,0.9099413000000001
823,0.9080877666666668
824,0.9467533949999998
825,0.932713
826,0.9145375225000001
827,0.9109801166666667
828,0.9148307250000001
829,0.8965643666666665
830,0.8960278333333334
831,0.9254382
832,0.9198427416666668
833,0.9228202500000002
834,0.9092532999999999
835,0.9303612999999998
836,0.9260932250000001
837,0.9393858333333334
838,0.9093043999999999
839,0.9092365499999999
840,0.9060328166666668
841,0.9355373
842,0.9482024416666667
843,0.9048689999999999
844,0.9071139
845,0.9220233999999999
846,0.9138245375
847,0.9044579366666667
848,0.9336031
849,0.9023577333333334
850,0.9422624733333335
851,0.9100391999999999
852,0.90524375
853,0.9074374833333332
854,0.9204245500000001
855,0.9231166
856,0.9194903916666666
857,0.9087193416666667
858,0.9434144999999999
859,0.9179471333333332
860,0.893132475
861,0.9088030500000001
862,0.9187144833333335
863,0.9335440166666666
864,0.9075190783333333
865,0.9254941600000001
866,0.9102848133333333
867,0.9046440071428572
868,0.9332278833333334
869,0.9087173
870,0.9259774571428572
871,0.9262660833333334
872,0.9129178166666666
873,0.9322784428571428
874,0.9042275
875,0.9196747999999999
876,0.9601082666666667
877,0.9033362333333332
878,0.9045550249999998
879,0.9274864047619047
880,0.9180744833333334
881,0.95213728
882,0.9060856333333334
883,0.9231737833333333
884,0.9407256333333333
885,0.9091961
886,0.93178495
887,0.9116877333333333
888,0.9069663749999999
889,0.9355448699999999
890,0.9334928666666666
891,0.90939489
892,0.9191689000000001
893,0.9195663999999999
894,0.9325475000000001
895,0.9050045666666667
896,0.9095844
897,0.9111337
898,0.9087709425
899,0.9198613999999999
900,0.91020503
901,0.953829592857143
902,0.9257693333333334
903,0.9329975000000001
904,0.90743005
905,0.9125007999999999
906,0.9147530833333335
907,0.9215718
908,0.9202256500000001
909,0.9296656999999999
910,0.9143818200000002
911,0.9157183
912,0.9147846633333334
913,0.9202122500000002
914,0.9099052249999999
915,0.9039655999999999
916,0.9289928833333333
917,0.9096318416666668
918,0.9060019083333334
919,0.9000873333333332
920,0.9188075
921,0.9292984500000001
922,0.9073516333333334
923,0.9220415
924,0.9144204666666667
925,0.9624980000000001
926,0.9112285
927,0.9446462666666665
928,0.9074164249999999
929,0.9222311999999999
930,0.92715905
931,0.9080758999999998
932,0.9042728
933,0.9061518
934,0.9291778
935,0.9279342833333335
936,0.9088662550000002
937,0.9296929
938,0.9142019166666666
939,0.9204817666666667
940,0.9476813833333333
941,0.9156624166666667
942,0.9073533000000001
943,0.9113504499999999
944,0.9227205099999999
945,0.9305149666666666
946,0.9004337
947,0.9106044385714286
948,0.9112736199999999
949,0.9149683916666668
950,0.918891125
951,0.922610575
952,0.9596975500000001
953,0.9122537666666666
954,0.944909625
955,0.9072029
956,0.9120699428571427
957,0.9249171666666666
958,0.945333
959,0.9203795999999999
960,0.9252483999999999
961,0.9293057714285714
962,0.9172177166666666
963,0.9081061733333332
964,0.9083017999999999
965,0.906926275
966,0.9537187666666668
967,0.9135681999999999
968,0.91075885
969,0.8948850733333333
970,0.9087683333333333
971,0.9107363249999999
972,0.9322494166666667
973,0.9223562333333334
974,0.9230057816666667
975,0.9345144750000001
976,0.9210189599999999
977,0.9030285416666668
978,0.9097291333333333
979,0.91956335
980,0.90342019
981,0.9222703666666666
982,0.9074102266666666
983,0.9095214
984,0.9106007666666667
985,0.9528274999999999
986,0.9159326166666665
987,0.9480531547619047
988,0.92458445
989,0.9421723133333334
990,0.9659614571428572
991,0.9559312571428572
992,0.9127395500000001
993,0.9226829999999999
994,0.9436504649999999
995,0.9142219799999998
996,0.911994
997,0.9357541999999999
998,0.9067798699999999
999,0.9123947250000001
1000,0.9466426333333334
1001,0.9148599666666666
1002,0.9123985666666666
1003,0.9216621
1004,0.93582205
1005,0.9297773166666667
1006,0.9170008666666666
1007,0.92114735
1008,0.941650925
1009,0.9489927999999999
1010,0.9020263666666667
1011,0.9073430624999999
1012,0.9129392666666666
1013,0.9238993333333333
1014,0.9587308288888888
1015,0.9083876500000001
1016,0.9043890000000001
1017,0.9183319380952382
1018,0.9305872666666666
1019,0.92490965
1020,0.9104187749999999
1021,0.9153374499999998
1022,0.90635388
1023,0.9113309833333334
1024,0.91711305
1025,0.9237999666666667
1026,0.88435572
1027,0.9046614
1028,0.9245994833333333
1029,0.9251565333333334
1030,0.9294401000000001
1031,0.9091773933333333
1032,0.9138543166666668
1033,0.9299187166666668
1034,0.9205257266666667
1035,0.9211050500000001
1036,0.9013649000000001
1037,0.9214347999999999
1038,0.9066184666666667
1039,0.9164439999999999
1040,0.9114767047619047
1041,0.8987638966666667
1042,0.9329629666666668
1043,0.9286450000000002
1044,0.9096717233333335
1045,0.9416890833333333
1046,0.9318067000000001
1047,0.9099939708333334
1048,0.9197982666666666
1049,0.9323577000000001
1050,0.9143720999999999
1051,0.9310568500000003
1052,0.9177099799999999
1053,0.9233468
1054,0.9229307999999999
1055,0.91705965
1056,0.9289883
1057,0.9106684666666668
1058,0.9601786999999999
1059,0.9114333
1060,0.91891049
1061,0.9110707399999999
1062,0.9168584416666666
1063,0.9421920833333333
1064,0.9056645133333333
1065,0.9132249
1066,0.9292139999999998
1067,0.9266013444444445
1068,0.9343814
1069,0.9196313541666669
1070,0.9126738166666666
1071,0.9165086500000001
1072,0.9081631333333334
1073,0.9088709333333334
1074,0.9111279000000001
1075,0.90203705
1076,0.9037040369047619
1077,0.9526982899999998
1078,0.93541095
1079,0.9100345666666667
1080,0.91229388
1081,0.9077107952380953
1082,0.9338662916666667
1083,0.9276559214285713
1084,0.9208151249999998
1085,0.93684125
1086,0.9250586999999999
1087,0.9052529833333331
1088,0.9412646
1089,0.9100001945238096
1090,0.92221862
1091,0.9591537333333333
1092,0.9078652666666667
1093,0.9083829
1094,0.9016894000000001
1095,0.9135347900000002
1096,0.9165129999999999
1097,0.9565673666666665
1098,0.9356322666666665
1099,0.9144534666666667
1100,0.9137272600000002
1101,0.9119735999999999
1102,0.9092848666666666
1103,0.9176650466666667
1104,0.9341673333333332
1105,0.9221769999999999
1106,0.9182191388888888
1107,0.9094881333333333
1108,0.9430503333333334
1109,0.9136989928571431
1110,0.9130668833333333
1111,0.9011217966666667
1112,0.91796524
1113,0.9295572999999999
1114,0.9132431333333331
1115,0.9118698999999999
1116,0.9278952
1117,0.90591781
1118,0.9171860000000001
1119,0.9016408928571428
1120,0.9044895166666667
1121,0.9098851083333331
1122,0.9175174166666669
1123,0.952335205
1124,0.9179674999999999
1125,0.9324825833333333
1126,0.9194036999999999
1127,0.9654817666666666
1128,0.9046477666666668
1129,0.9149577166666667
1130,0.9412013833333333
1131,0.9522432999999999
1132,0.9080036
1133,0.9047352604761902
1134,0.9303477499999999
1135,0.9232747000000001
1136,0.9171110619047621
1137,0.9221650333333333
1138,0.9128939158333333
1139,0.9361787333333332
1140,0.9386227000000001
1141,0.9222493
1142,0.9453244
1143,0.92986
1144,0.9275790416666666
1145,0.9270572583333333
1146,0.9206383666666668
1147,0.9233000666666668
1148,0.9139520000000001
1149,0.9355872499999999
1150,0.9338388314285714
1151,0.9225707285714286
1152,0.9050497
1153,0.9081488583333333
1154,0.9162014749999999
1155,0.9295257500000002
1156,0.9292231333333334
1157,0.9269453333333333
1158,0.9146116000000001
1159,0.9194773285714284
1160,0.9186774733333334
1161,0.91335
1162,0.9203709266666665
1163,0.9093823909523808
1164,0.9044940499999999
1165,0.9175338
1166,0.9472010833333332
1167,0.9189478866666667
1168,0.8936232936363636
1169,0.9152829499999999
1170,0.9180879333333334
1171,0.9091929249999999
1172,0.9075842083333333
1173,0.9096163
1174,0.9156563999999999
1175,0.9372627999999998
1176,0.9319754333333334
1177,0.9099186666666667
1178,0.9103106799999999
1179,0.9030378200000001
1180,0.9236950599999998
1181,0.918532875
1182,0.9138211833333333
1183,0.9363597000000002
1184,0.92353205
1185,0.9069544549999999
1186,0.9345268116666666
1187,0.9158040166666666
1188,0.9088256666666666
1189,0.9186834666666668
1190,0.9133077666666667
1191,0.9230533
1192,0.9410839000000001
1193,0.911081
1194,0.91665952
1195,0.9145399000000001
1196,0.9228623333333333
1197,0.9261842571428571
1198,0.9346883000000001
1199,0.9190273000000001
1200,0.9181669833333332
1201,0.94291765
1202,0.9331105666666668
1203,0.9487088285714286
1204,0.9302515666666669
1205,0.9083468166666666
1206,0.9317043500000001
1207,0.9181255166666666
1208,0.9209394999999999
1209,0.9182534666666667
1210,0.9139950000000001
1211,0.9035666916666665
1212,0.9026227333333334
1213,0.91327022
1214,0.9192442916666665
1215,0.9067714199999999
1216,0.9277326
1217,0.9119601999999999
1218,0.9320258375
1219,0.9054756666666668
1220,0.9445257999999999
1221,0.91151155
1222,0.9246643416666668
1223,0.9113436916666666
1224,0.9134457749999999
1225,0.9159854333333334
1226,0.9007889833333333
1227,0.9221485566666667
1228,0.9115924107142858
1229,0.9225986666666668
1230,0.92421635
1231,0.9116459599999999
1232,0.9226432047619048
1233,0.9388149666666668
1234,0.9490726250000001
1235,0.91945487
1236,0.9090092666666667
1237,0.9195994833333334
1238,0.9090785833333335
1239,0.9339093733333336
1240,0.9429992
1241,0.90501518
1242,0.9134791833333333
1243,0.9198208166666667
1244,0.9099602416666667
1245,0.9115099666666667
1246,0.9496283833333333
1247,0.9106142799999999
1248,0.9320987916666666
1249,0.9092457516666664
1250,0.9211111464285715
1251,0.9164942999999999
1252,0.9255052000000001
1253,0.9419603999999999
1254,0.9194084
1255,0.9271552249999999
1256,0.9134050483333335
1257,0.9057684133333334
1258,0.9115040750000001
1259,0.9152936
1260,0.911285375
1261,0.9018112
1262,0.9064771333333332
1263,0.9343691
1264,0.9138993833333332
1265,0.9073482650000001
1266,0.9447064999999999
1267,0.912014375
1268,0.907220025
1269,0.90584455
1270,0.9281510666666666
1271,0.9112286999999999
1272,0.9244897583333334
1273,0.9123938
1274,0.93672262
1275,0.9160946300000001
1276,0.9268262833333335
1277,0.9317522
1278,0.8928828566666667
1279,0.9089040333333334
1280,0.91053145
1281,0.9282174666666666
1282,0.9650725000000001
1283,0.9040904700000002
1284,0.91335385
1285,0.9326379000000001
1286,0.9379299833333332
1287,0.9112196000000001
1288,0.9079041999999999
1289,0.9107200066666665
1290,0.9124153999999999
1291,0.9025835166666667
1292,0.9134055999999999
1293,0.9613077000000001
1294,0.90996995
1295,0.9239611
1296,0.9016945699999998
1297,0.9129359000000001
1298,0.9165404999999998
1299,0.9204695999999999
1300,0.9139399333333333
1301,0.90868565
1302,0.9284326499999999
1303,0.9225820499999999
1304,0.912889685
1305,0.9139614850000001
1306,0.9338751999999999
1307,0.9083540888888889
1308,0.9446883464285714
1309,0.9298869749999998
1310,0.9402499333333335
1311,0.920395275
1312,0.9132295666666665
1313,0.9318156999999999
1314,0.9115718749999999
1315,0.9287714833333334
1316,0.9249999500000001
1317,0.9282835
1318,0.9128455499999999
1319,0.9039988166666667
1320,0.9310327833333334
1321,0.9257813799999998
1322,0.9354320999999999
1323,0.8960345999999999
1324,0.9097289833333333
1325,0.9176301666666667
1326,0.913637585
1327,0.9161960566666668
1328,0.90793844
1329,0.9138534142857143
1330,0.9124239666666666
1331,0.92384504
1332,0.9366334916666667
1333,0.9155908666666667
1334,0.9110545142857143
1335,0.9238152333333334
1336,0.9295777083333334
1337,0.9357939899999999
1338,0.9481881583333334
1339,0.9174616
1340,0.9210177333333333
1341,0.9300992999999999
1342,0.9151150944444446
1343,0.9381074250000001
1344,0.9105451499999999
1345,0.9308219666666666
1346,0.9528208250000001
1347,0.9028772
1348,0.9213117738095239
1349,0.9009545666666666
1350,0.9233905
1351,0.9163596
1352,0.9345401399999999
1353,0.9077642916666667
1354,0.91186988
1355,0.9184337333333333
1356,0.9426017
1357,0.9168654
1358,0.9092171166666667
1359,0.9079440633333332
1360,0.9372135866666668
1361,0.9207436999999998
1362,0.9321996
1363,0.9435593000000001
1364,0.9184959499999998
1365,0.9120246971428572
1366,0.9060770333333332
1367,0.9631527
1368,0.9124199571428573
1369,0.9286267333333333
1370,0.9420385666666666
1371,0.9068009499999998
1372,0.9065927547619049
1373,0.90839012
1374,0.9198102
1375,0.9126316999999998
1376,0.9238165
1377,0.9239700916666667
1378,0.9257693166666666
1379,0.9202514
1380,0.9112691500000001
1381,0.9067263999999999
1382,0.9164528333333333
1383,0.9001711333333333
1384,0.91408755
1385,0.9126572833333334
1386,0.9179314000000002
1387,0.9152605000000001
1388,0.90531334
1389,0.9124405333333332
1390,0.9240318666666667
1391,0.9057632666666666
1392,0.9185899666666668
1393,0.920878475
1394,0.91436775
1395,0.920853575
1396,0.9139361666666668
1397,0.9222765
1398,0.9251881666666666
1399,0.9101315583333335
1400,0.9213761083333333
1401,0.9047381
1402,0.9039418380952382
1403,0.9102031
1404,0.9177595999999999
1405,0.9327868500000001
1406,0.9131437333333334
1407,0.9150827916666667
1408,0.9316847500000002
1409,0.9335412000000002
1410,0.9186992999999999
1411,0.9211873164285714
1412,0.91099906
1413,0.9334567333333332
1414,0.94020228
1415,0.9562061
1416,0.9056179333333334
1417,0.9145473599999999
1418,0.9171833500000002
1419,0.91457444
1420,0.9220687999999999
1421,0.9093300000000001
1422,0.9265055666666667
1423,0.9173961583333334
1424,0.9050677333333335
1425,0.91509485
1426,0.9279006857142857
1427,0.9157015333333334
1428,0.9006233666666666
1429,0.92543615
1430,0.9368344285714286
1431,0.92551318
1432,0.9072357000000002
1433,0.8985764571428572
1434,0.9241041666666667
1435,0.9226255666666667
1436,0.9333876999999999
1437,0.9228004000000002
1438,0.9142083875000001
1439,0.91885285
1440,0.9105298000000002
1441,0.9303523
1442,0.9178592
1443,0.9071492028571431
1444,0.9051263999999998
1445,0.9119210716666666
1446,0.9383275666666668
1447,0.9168289214285714
1448,0.9121650333333333
1449,0.9498192833333334
1450,0.9469834133333332
1451,0.9055871999999999
1452,0.9341941500000001
1453,0.8971966333333334
1454,0.9217795000000001
1455,0.92403426
1456,0.9304095666666667
1457,0.9141742523809524
1458,0.9231976999999999
1459,0.9412945333333333
1460,0.9236224
1461,0.9200374285714286
1462,0.9198027
1463,0.925956
1464,0.931282675
1465,0.9138029999999999
1466,0.9081659999999999
1467,0.9195257750000001
1468,0.9103010999999999
1469,0.9162422000000001
1470,0.9274102666666666
1471,0.9336946666666666
1472,0.92086705
1473,0.9339022000000001
1474,0.9394023333333333
1475,0.9170165350000001
1476,0.9177370999999999
1477,0.948306275
1478,0.9596476666666668
1479,0.9079313333333333
1480,0.9058735200000001
1481,0.950901
1482,0.9139519999999999
1483,0.9102513250000002
1484,0.9176737866666669
1485,0.91414955
1486,0.9213323499999999
1487,0.9250843166666666
1488,0.9054185833333334
1489,0.9126694000000001
1490,0.9221379333333333
1491,0.9110858499999999
1492,0.9194096999999999
1493,0.9114452999999999
1494,0.9204937666666666
1495,0.9140290333333333
1496,0.9341627750000001
1497,0.9103049349999998
1498,0.9281482000000001
1499,0.9196076452380954
1500,0.9242370928571428
1501,0.9174496999999999
1502,0.9111969833333333
1503,0.9344262499999999
1504,0.91952005
1505,0.9273487333333333
1506,0.9056761333333334
1507,0.9436073333333332
1508,0.9301516599999999
1509,0.9148781833333335
1510,0.9174798
1511,0.9337702
1512,0.9073949124999998
1513,0.9275925166666668
1514,0.9160476066666666
1515,0.9335772666666667
1516,0.910389625
1517,0.9179494499999998
1518,0.9249278249999999
1519,0.9146243249999999
1520,0.9143359999999999
1521,0.9154796083333332
1522,0.9003492666666666
1523,0.9100078142857141
1524,0.9125520749999998
1525,0.9208446
1526,0.9228696666666668
1527,0.9214558047619047
1528,0.9125746749999999
1529,0.8995168
1530,0.9576421500000001
1531,0.9070200533333332
1532,0.9140154
1533,0.9244082500000002
1534,0.91129248
1535,0.9046748499999999
1536,0.9084644
1537,0.9289521000000001
1538,0.8996432000000001
1539,0.9529630000000001
1540,0.9219405666666667
1541,0.9214538400000001
1542,0.9229855666666668
1543,0.937813725
1544,0.9201537
1545,0.90297645
1546,0.9136826833333332
1547,0.9098774147619046
1548,0.904432925
1549,0.9064090999999997
1550,0.9099632266666667
1551,0.9039657583333336
1552,0.9236057833333333
1553,0.9244263250000001
1554,0.8984778999999999
1555,0.9203102333333334
1556,0.9117342666666666
1557,0.9093424333333333
1558,0.9254472
1559,0.9252934999999999
1560,0.920689723809524
1561,0.9198942599999999
1562,0.9046703166666665
1563,0.90794035
1564,0.9123064666666666
1565,0.9141776238095238
1566,0.92149945
1567,0.9129537166666666
1568,0.8997512619047618
1569,0.9154666833333334
1570,0.9199277333333333
1571,0.9074617
1572,0.9414092500000001
1573,0.9353291666666665
1574,0.91403025
1575,0.9090031833333333
1576,0.9162963999999999
1577,0.9036313461538462
1578,0.9088051095238097
1579,0.92412644
1580,0.9212827000000001
1581,0.9138797999999999
1582,0.9393885666666668
1583,0.9333950333333332
1584,0.9228637
1585,0.9158693485714287
1586,0.91277721
1587,0.9118155845238096
1588,0.9340973699999999
1589,0.9282594999999999
1590,0.9099577999999999
1591,0.9126125966666667
1592,0.9391675000000002
1593,0.9035090033333331
1594,0.9127597500000002
1595,0.9313279000000001
1596,0.95357775
1597,0.9155487250000001
1598,0.9276287000000002
1599,0.9429449999999999
1600,0.9308038999999999
1601,0.9108336533333332
1602,0.9234897666666668
1603,0.9215265833333335
1604,0.9443512533333334
1605,0.9210748999999998
1606,0.9153975000000001
1607,0.9044534000000001
1608,0.91057505
1609,0.9347094416666666
1610,0.9242773750000002
1611,0.9195488199999999
1612,0.9274667285714285
1613,0.9216937666666667
1614,0.9093236916666665
1615,0.9014618166666665
1616,0.9408645
1617,0.9231528333333333
1618,0.9285869999999999
1619,0.9102349750000001
1620,0.928292725
1621,0.929314615
1622,0.90862793
1623,0.9163224833333334
1624,0.9163836999999999
1625,0.9085576333333332
1626,0.9270823333333332
1627,0.9175834500000001
1628,0.956756425
1629,0.9119007266666666
1630,0.9281254999999999
1631,0.93301882
1632,0.91007321
1633,0.9115145333333334
1634,0.9591779333333335
1635,0.9321138
1636,0.9327379
1637,0.9447003
1638,0.9256397666666667
1639,0.90446025
1640,0.9546703000000001
1641,0.9173532
1642,0.9303492333333334
1643,0.9204277333333334
1644,0.8982745999999999
1645,0.91197208
1646,0.91042
1647,0.9191989666666667
1648,0.9207371200000001
1649,0.9164198000000001
1650,0.9232883000000001
1651,0.9152935
1652,0.9182538714285716
1653,0.9144977178571428
1654,0.9189733333333333
1655,0.94192875
1656,0.9336495999999999
1657,0.9161476904761907
1658,0.9087856285714286
1659,0.9117061928571429
1660,0.9139652294871794
1661,0.9188681800000001
1662,0.9259168500000001
1663,0.9329898999999999
1664,0.9299873599999999
1665,0.9117509
1666,0.9190335000000001
1667,0.9433745466666666
1668,0.9089037666666666
1669,0.9383275666666668
1670,0.9153929
1671,0.9231619
1672,0.9090535571428571
1673,0.917045602857143
1674,0.9138306266666667
1675,0.9250767
1676,0.9196709222222224
1677,0.9097102966666666
1678,0.9290250099999999
1679,0.9094274416666666
1680,0.92906955
1681,0.9097318666666666
1682,0.9057213166666667
1683,0.9295754166666667
1684,0.9026121
1685,0.9335228000000001
1686,0.9052156833333334
1687,0.9249051500000001
1688,0.9131727600000001
1689,0.908214475
1690,0.9347612416666667
1691,0.9197469999999999
1692,0.92950775
1693,0.909722225
1694,0.9057786166666666
1695,0.9326739500000001
1696,0.9016185833333333
1697,0.9138150333333332
1698,0.9050405749999999
1699,0.9123752492857141
1700,0.9247966
1701,0.9204514999999999
1702,0.90900635
1703,0.919598
1704,0.9264590000000001
1705,0.9050431700000001
1706,0.9140561
1707,0.9174164999999999
1708,0.909668781904762
1709,0.9050903000000001
1710,0.9238392
1711,0.9513028766666667
1712,0.8989461000000001
1713,0.9253054666666667
1714,0.9224391000000001
1715,0.9146161333333331
1716,0.9128401833333333
1717,0.9506143
1718,0.9386637357142856
1719,0.9143159300000001
1720,0.9177376766666667
1721,0.9122551916666668
1722,0.9081073749999999
1723,0.9000902333333334
1724,0.9127597500000002
1725,0.9170008
1726,0.9125609499999999
1727,0.915046833333333
1728,0.9440801666666669
1729,0.9094895666666666
1730,0.9129028333333334
1731,0.926040857142857
1732,0.9240365
1733,0.9105201166666668
1734,0.9073954000000001
1735,0.92659895
1736,0.9111654
1737,0.9090410047619049
1738,0.9278650466666667
1739,0.9104381666666667
1740,0.90479734
1741,0.9169617500000001
1742,0.9536493
1743,0.9225144000000002
1744,0.9095617499999997
1745,0.905733055
1746,0.8968066
1747,0.9444804999999998
1748,0.9266696333333332
1749,0.9225113000000003
1750,0.9048046375000001
1751,0.9150767
1752,0.9208446
1753,0.9198067233333334
1754,0.9101227833333333
1755,0.9059980999999999
1756,0.9261909666666666
1757,0.9180346799999999
1758,0.902439
1759,0.9046436333333332
1760,0.9088573333333333
1761,0.91128965
1762,0.9252096571428572
1763,0.9228089333333334
1764,0.9749867
1765,0.9152633666666666
1766,0.9076896583333334
1767,0.9523200833333334
1768,0.9100451999999999
1769,0.919431
1770,0.9244625000000001
1771,0.9345413749999999
1772,0.9254019166666666
1773,0.9081300999999999
1774,0.9142457
1775,0.942897325
1776,0.911367
1777,0.9095257166666665
1778,0.9097832166666666
1779,0.9511411000000001
1780,0.9092412333333334
1781,0.9257784666666667
1782,0.9242805000000001
1783,0.9288437999999999
1784,0.91878408
1785,0.9551670666666666
1786,0.9275159000000001
1787,0.9251443022222224
1788,0.9069594750000001
1789,0.9153535133333334
1790,0.9088708249999999
1791,0.9214808333333332
1792,0.9363143
1793,0.9342036166666668
1794,0.9198646
1795,0.8979876433333333
1796,0.9073426666666666
1797,0.9258725
1798,0.9086968833333333
1799,0.9281390999999999
1800,0.9234543466666668
1801,0.9246937
1802,0.905349461904762
1803,0.9190496100000001
1804,0.9408918750000002
1805,0.9068638333333334
1806,0.92506731
1807,0.9247267750000001
1808,0.9396387000000003
1809,0.9364588666666668
1810,0.93955135
1811,0.9147257285714285
1812,0.9110344625
1813,0.9350270250000001
1814,0.9177506
1815,0.9425022666666667
1816,0.9360884000000003
1817,0.9082897333333333
1818,0.9069286
1819,0.9166485000000002
1820,0.9083841533333332
1821,0.9429721466666667
1822,0.9365190833333333
1823,0.9142228261904762
1824,0.9070881444444445
1825,0.9156767049999999
1826,0.9193135
1827,0.9184492583333335
1828,0.9031073
1829,0.9223309000000001
1830,0.9207302666666667
1831,0.9542365
1832,0.9269526000000001
1833,0.90712285
1834,0.9117254000000001
1835,0.9493043999999999
1836,0.9075428000000001
1837,0.93360804
1838,0.9447253166666666
1839,0.9171651666666666
1840,0.9305961999999999
1841,0.9220054000000001
1842,0.9097338950000001
1843,0.9329750000000001
1844,0.92158085
1845,0.9024329666666668
1846,0.9316667083333332
1847,0.9081481285714285
1848,0.9285746899999999
1849,0.9192239900000001
1850,0.9235049999999999
1851,0.9160883499999999
1852,0.9273757499999998
1853,0.913870335
1854,0.91639415
1855,0.9069151500000002
1856,0.9306865999999999
1857,0.9158942999999999
1858,0.9090800952380954
1859,0.92811655
1860,0.9141554
1861,0.9188257
1862,0.9085929750000001
1863,0.9188842666666666
1864,0.93609045
1865,0.9296386999999999
1866,0.903035
1867,0.9086116299999999
1868,0.9495120000000001
1869,0.9366122833333332
1870,0.9148402999999998
1871,0.9074164000000001
1872,0.9178952499999999
1873,0.9250963000000001
1874,0.9232129
1875,0.9170912000000001
1876,0.9445106833333334
1877,0.9009351700000001
1878,0.9137450464285714
1879,0.9246521666666668
1880,0.92159295
1881,0.9215265833333335
1882,0.9394978133333334
1883,0.9123170333333335
1884,0.9191828928571428
1885,0.9198788666666665
1886,0.91833795
1887,0.9270448933333334
1888,0.90851745
1889,0.9309891
1890,0.9143006
1891,0.9540516
1892,0.9175926000000001
1893,0.92468186
1894,0.9563958000000001
1895,0.9219722000000001
1896,0.9157368583333334
1897,0.90804405
1898,0.90806884
1899,0.9122043
1900,0.9171726
1901,0.9072967999999999
1902,0.9311833499999999
1903,0.9120190499999999
1904,0.9160162999999999
1905,0.9034379666666666
1906,0.91649568
1907,0.9140085250000001
1908,0.9059529
1909,0.9221861999999998
1910,0.9357934333333334
1911,0.9078953000000001
1912,0.9367678399999999
1913,0.9318040571428572
1914,0.9009915378571428
1915,0.9507046499999998
1916,0.9307279428571429
1917,0.9381722714285715
1918,0.9163775
1919,0.9104861333333332
1920,0.9402711
1921,0.9291732500000001
1922,0.9051851
1923,0.9184688
1924,0.9384642999999999
1925,0.9118491708333332
1926,0.9041732
1927,0.9148524583333334
1928,0.9226106750000002
1929,0.9026708666666666
1930,0.9308715750000001
1931,0.9118754466666668
1932,0.9040199000000001
1933,0.9119928533333335
1934,0.9031573499999999
1935,0.9071936
1936,0.9124592999999999
1937,0.9343812
1938,0.9163233499999999
1939,0.9351851
1940,0.9099554857142855
1941,0.9482625666666665
1942,0.9191735
1943,0.9052484
1944,0.9102416083333333
1945,0.9131858666666665
1946,0.92232605
1947,0.9100614066666667
1948,0.9129766709523809
1949,0.9070212233333332
1950,0.9153749
1951,0.9305872
1952,0.9381119
1953,0.9015762499999997
1954,0.9154290999999999
1955,0.9146161166666668
1956,0.9088910333333334
1957,0.9062435999999998
1958,0.9250406666666666
1959,0.9068351000000001
1960,0.9262783499999999
1961,0.9225746083333333
1962,0.9014883014285715
1963,0.9246039999999999
1964,0.9089911366666665
1965,0.9092141250000001
1966,0.91446804
1967,0.9203341999999999
1968,0.9240620333333334
1969,0.9090145633333334
1970,0.92366838
1971,0.92141348
1972,0.93302978
1973,0.9158055666666668
1974,0.9301956333333333
1975,0.9252306666666665
1976,0.9091176999999998
1977,0.9569684133333333
1978,0.92110445
1979,0.9119616333333334
1980,0.9305420999999999
1981,0.9044488000000002
1982,0.9332860000000001
1983,0.9113067333333333
1984,0.9356751238095239
1985,0.9209568750000001
1986,0.9092841249999999
1987,0.9053391761904761
1988,0.9225836000000001
1989,0.9057052035714286
1990,0.9108866333333333
1991,0.9170846233333332
1992,0.9074540666666667
1993,0.9152844
1994,0.9141583666666667
1995,0.9155713249999999
1996,0.9047942600000001
1997,0.9119331
1998,0.9190305333333333
1999,0.9025829233333333
2000,0.9062660833333334
2001,0.9071244666666665
2002,0.9284915
2003,0.9094782250000002
2004,0.9309861666666667
2005,0.917753025
2006,0.9078047750000001
2007,0.9104185166666667
2008,0.9191268000000001
2009,0.9118714499999999
2010,0.9343360666666667
2011,0.9194503714285714
2012,0.91056805
2013,0.92092145
2014,0.91200095
2015,0.9103921000000001
2016,0.9128783066666669
2017,0.905449475
2018,0.9158922999999998
2019,0.9485456000000001
2020,0.9031084
2021,0.9175910000000002
2022,0.9154803333333332
2023,0.90297205
2024,0.9127716333333333
2025,0.9736224
2026,0.9098827
2027,0.9350857999999999
2028,0.9130399
2029,0.9272394250000001
2030,0.9108400333333334
2031,0.9302640249999999
2032,0.9098119
2033,0.924956286111111
2034,0.9304155
2035,0.9293946999999999
2036,0.9167148666666666
2037,0.93665315
2038,0.89119535
2039,0.9088135666666668
2040,0.9331722166666667
2041,0.9221086333333334
2042,0.9231706999999998
2043,0.91509296
2044,0.9290287666666666
2045,0.9214250533333337
2046,0.93056378
2047,0.93067285
2048,0.9223305666666667
2049,0.9412765000000001
2050,0.9177987541666667
2051,0.9355840666666666
2052,0.9047167466666666
2053,0.9072208785714284
2054,0.9398333549999999
2055,0.9297055400000002
2056,0.9146522333333331
2057,0.9183614999999999
2058,0.9156795616666666
2059,0.9393067125
2060,0.9014617714285713
2061,0.9466607
2062,0.9213911000000001
2063,0.9160885000000001
2064,0.9196113999999997
2065,0.9115317285714287
2066,0.9057242500000001
2067,0.9193043
2068,0.9043761083333333
2069,0.9112558944444444
2070,0.9220728666666668
2071,0.9446176833333333
2072,0.9283518
2073,0.9290553083333334
2074,0.9134345233333333
2075,0.9086511499999999
2076,0.9082115
2077,0.9330988499999998
2078,0.8946822333333333
2079,0.9142336666666667
2080,0.8998674666666666
2081,0.93562335
2082,0.9089370999999999
2083,0.9107647083333333
2084,0.9217313666666668
2085,0.9097291999999999
2086,0.9159228666666666
2087,0.9205329499999999
2088,0.9182227
2089,0.9172748666666667
2090,0.9360641700000001
2091,0.9184370999999999
2092,0.9098193
2093,0.9151413714285713
2094,0.9114406
2095,0.927344
2096,0.9217736333333335
2097,0.9318924500000001
2098,0.9289429047619047
2099,0.9141294600000001
2100,0.916565825
2101,0.9347878
2102,0.9317788300000001
2103,0.9171726
2104,0.9065463333333333
2105,0.9294536000000001
2106,0.9094221666666666
2107,0.9009277000000001
2108,0.9138680800000001
2109,0.91557215
2110,0.9053479000000001
2111,0.9097469666666667
2112,0.92201998
2113,0.9281662
2114,0.9129949266666667
2115,0.922832
2116,0.9143969250000001
2117,0.9096853333333336
2118,0.9083393333333334
2119,0.9281488785714286
2120,0.9787218999999998
2121,0.9402320654761904
2122,0.9083889166666668
2123,0.9077597999999998
2124,0.9331405333333335
2125,0.9133062000000001
2126,0.9288753
2127,0.9205923333333335
2128,0.937089025
2129,0.911485023809524
2130,0.9173320555555555
2131,0.9123429233333333
2132,0.9197968
2133,0.9214952499999999
2134,0.9186991499999999
2135,0.9214378249999999
2136,0.9110102333333332
2137,0.9152556799999999
2138,0.9174434666666667
2139,0.9190659
2140,0.9238190749999999
2141,0.9342934794871794
2142,0.90718615
2143,0.9058562
2144,0.9359424083333334
2145,0.9315539449999999
2146,0.9085352333333334
2147,0.9194174
2148,0.9282205333333332
2149,0.9323035000000001
2150,0.9121645630952381
2151,0.9250383
2152,0.92827465
2153,0.9142892333333332
2154,0.9181661999999999
2155,0.9100994
2156,0.9142984166666664
2157,0.9151200214285714
2158,0.913246341904762
2159,0.9138102600000002
2160,0.9026558000000001
2161,0.9276242166666668
2162,0.9482522
2163,0.9070144499999999
2164,0.9204831500000001
2165,0.9164406999999999
2166,0.91272345
2167,0.9037581000000001
2168,0.9127279999999999
2169,0.8973905714285715
2170,0.9127972833333334
2171,0.9069466
2172,0.9203176500000001
2173,0.91776435
2174,0.9441571400000001
2175,0.9261744249999999
2176,0.9347727111111113
2177,0.9328668047619046
2178,0.9101065
2179,0.9521771000000001
2180,0.9219059000000002
2181,0.9094488000000001
2182,0.9415583833333333
2183,0.89964224
2184,0.9501175999999999
2185,0.9325835625
2186,0.9212439857142856
2187,0.9227372
2188,0.9127289102380953
2189,0.9219754666666666
2190,0.9098104999999999
2191,0.9425294000000001
2192,0.9140951666666666
2193,0.9384875095238094
2194,0.9322729866666666
2195,0.9397456500000001
2196,0.9111924833333334
2197,0.9406866999999999
2198,0.9036490266666668
2199,0.9024225166666666
2200,0.9051803133333332
2201,0.9368834466666668
2202,0.9241645999999999
2203,0.9345514833333335
2204,0.9212465999999997
2205,0.9055999916666666
2206,0.9266951333333333
2207,0.9298222333333334
2208,0.9103524499999999
2209,0.9298825500000001
2210,0.932578
2211,0.903117325
2212,0.9149614961538461
2213,0.9251881666666666
2214,0.9289792
2215,0.908301361904762
2216,0.9246431166666665
2217,0.9074826666666667
2218,0.9179410500000001
2219,0.9095166500000001
2220,0.9075083833333334
2221,0.93549138
2222,0.9111440833333335
2223,0.9170384
2224,0.8998073999999999
2225,0.9162668624999999
2226,0.91309865
2227,0.9156800600000002
2228,0.9118675250000001
2229,0.9153749000000001
2230,0.9092788833333334
2231,0.90469275
2232,0.9412769999999998
2233,0.9279539133333333
2234,0.92097552
2235,0.9157902
2236,0.9027257750000001
2237,0.8886811
2238,0.92353665
2239,0.939907375
2240,0.9305238250000001
2241,0.9119512833333335
2242,0.9110434
2243,0.9159193214285715
2244,0.9282354333333334
2245,0.9222515249999998
2246,0.9288077499999998
2247,0.9091855000000001
2248,0.9222944
2249,0.9132716966666665
2250,0.91669194
2251,0.9089792500000001
2252,0.90951655
2253,0.9299006999999999
2254,0.9074036583333334
2255,0.9294015499999999
2256,0.9227730333333335
2257,0.9183288000000001
2258,0.90448515
2259,0.9097494333333334
2260,0.9134860666666669
2261,0.9572899999999999
2262,0.9265942
2263,0.9122598
2264,0.9168246499999999
2265,0.9274272416666667
2266,0.9201037452380953
2267,0.9172568666666665
2268,0.9402438999999999
2269,0.9237487
2270,0.9393407
2271,0.91197631
2272,0.9106467733333332
2273,0.9268652
2274,0.90829726
2275,0.92401707
2276,0.9108643333333335
2277,0.9323833
2278,0.8999279
2279,0.92397925
2280,0.90234875
2281,0.9045079249999999
2282,0.9238709333333335
2283,0.9087171833333333
2284,0.9182475
2285,0.9088738666666666
2286,0.9047080666666666
2287,0.91040655
2288,0.93554621
2289,0.8948059033333335
2290,0.9113531133333334
2291,0.904731975
2292,0.8957770500000001
2293,0.9175789000000002
2294,0.9184251
2295,0.9222447666666668
2296,0.9155513333333334
2297,0.930132682142857
2298,0.9328816333333334
2299,0.9200933416666667
2300,0.9209124
2301,0.9128584249999999
2302,0.9282295000000002
2303,0.9290965999999999
2304,0.9126279200000003
2305,0.913564577777778
2306,0.9184459514285714
2307,0.95552855
2308,0.9260268333333335
2309,0.9474252
2310,0.9131812485714285
2311,0.9571997
2312,0.9362873333333335
2313,0.9096567
2314,0.9303522
2315,0.8916622000000001
2316,0.9243249500000001
2317,0.9156188999999999
2318,0.9447380999999998
2319,0.9240381
2320,0.9272929
2321,0.9270008999999998
2322,0.9331827049999999
2323,0.90537255
2324,0.9314529666666665
2325,0.9017599333333333
2326,0.9160810083333331
2327,0.9153629333333333
2328,0.907854675
2329,0.91114715
2330,0.9207249624999999
2331,0.9098825000000001
2332,0.9183379
2333,0.9212569499999999
2334,0.9257106833333333
2335,0.923854088888889
2336,0.9138197285714286
2337,0.9142260833333331
2338,0.9290514999999999
2339,0.9105539333333335
2340,0.9131228857142858
2341,0.9083022333333334
2342,0.9169069799999999
2343,0.9243700583333334
2344,0.9052668388888889
2345,0.9118337000000001
2346,0.90935855
2347,0.9339205666666667
2348,0.9171907333333333
2349,0.9021213333333333
2350,0.9161788
2351,0.9337037
2352,0.9433482333333332
2353,0.90100265
2354,0.9051207833333332
2355,0.9187157833333334
2356,0.9221228
2357,0.9145168000000001
2358,0.9097289999999999
2359,0.9142215666666667
2360,0.8938246
2361,0.90769415
2362,0.9352261166666667
2363,0.9045528
2364,0.9218428
2365,0.9114139886363635
2366,0.9183739833333332
2367,0.9507159250000001
2368,0.9081550333333333
2369,0.9139907683333334
2370,0.9145731000000001
2371,0.9230568799999999
2372,0.9073101250000001
2373,0.9070612833333334
2374,0.9072421833333333
2375,0.9165944500000001
2376,0.9295769333333332
2377,0.9269843333333334
2378,0.9117932833333334
2379,0.9380836666666668
2380,0.9214996666666668
2381,0.9242749250000001
2382,0.9186059
2383,0.9084139916666668
2384,0.9061231099999999
2385,0.9262125416666669
2386,0.9110043566666667
2387,0.9257794800000003
2388,0.9028454
2389,0.9202801
2390,0.9145799000000002
2391,0.91956814
2392,0.9082430833333334
2393,0.9301806499999999
2394,0.9132233833333336
2395,0.9329811000000001
2396,0.9172148750000002
2397,0.9338933
2398,0.916426446666667
2399,0.9101445000000001
2400,0.9447637
2401,0.9123143199999998
2402,0.9172718333333332
2403,0.9078322
2404,0.9043532749999998
2405,0.9251761000000001
2406,0.9065613333333333
2407,0.92107045
2408,0.9116908636363636
2409,0.9065084499999999
2410,0.9374255999999999
2411,0.9161515000000001
2412,0.9246793999999999
2413,0.9145062249999999
2414,0.9599822999999998
2415,0.9550135
2416,0.9199683916666667
2417,0.9107543
2418,0.9045573499999999
2419,0.9234101500000002
2420,0.9099727999999999
2421,0.9172146333333334
2422,0.9121875166666668
2423,0.9217149249999999
2424,0.9069377999999999
2425,0.9075669833333333
2426,0.9137421624999998
2427,0.908633625
2428,0.9030263333333334
2429,0.9020070800000001
2430,0.9306685333333334
2431,0.9368656333333332
2432,0.9208275199999999
2433,0.9041792666666668
2434,0.9121278714285713
2435,0.9027460000000002
2436,0.9084376299999999
2437,0.9220867
2438,0.9347606800000001
2439,0.9083782749999999
2440,0.9342360333333334
2441,0.9147245166666667
2442,0.9219024166666665
2443,0.9300721666666668
2444,0.9246498833333334
2445,0.9194940999999999
2446,0.9235229666666666
2447,0.9118428
2448,0.93885814
2449,0.9090925485714285
2450,0.9128334333333331
2451,0.91780025
2452,0.904046925
2453,0.9060326599999999
2454,0.9377746050000001
2455,0.90312108
2456,0.9353909222222221
2457,0.9180473702380952
2458,0.9176060999999999
2459,0.9298826666666666
2460,0.92466038
2461,0.9052747200000001
2462,0.8945305666666666
2463,0.9267493714285713
2464,0.9310297000000001
2465,0.92584799
2466,0.909012025
2467,0.9131987300000001
2468,0.9164332500000001
2469,0.9247311249999999
2470,0.9429269499999998
2471,0.9167773
2472,0.9257814714285715
2473,0.9171183
2474,0.9354020000000001
2475,0.9357091750000001
2476,0.9281337583333334
2477,0.9397741
2478,0.9188633333333334
2479,0.9230985
2480,0.9297366
2481,0.9228349333333334
2482,0.9327989333333335
2483,0.9145678333333332
2484,0.9153817833333333
2485,0.9222477333333334
2486,0.917899725
2487,0.9268315750000001
2488,0.9253792999999998
2489,0.9229839000000002
2490,0.9218158900000001
2491,0.9171996333333334
2492,0.9037083500000002
2493,0.90819785
2494,0.9187804999999999
2495,0.9107649033333335
2496,0.9187864888888889
2497,0.9043077041666667
2498,0.9212781999999999
2499,0.9086961666666665
2500,0.9485004
2501,0.9223034999999997
2502,0.8990974666666667
2503,0.9685005999999999
2504,0.9260209800000002
2505,0.9359257666666668
2506,0.9117238666666667
2507,0.9083469000000001
2508,0.91738175
2509,0.9023350749999999
2510,0.9063956
2511,0.9006640750000001
2512,0.9510009799999999
2513,0.9027681571428572
2514,0.9061065666666668
2515,0.9159959750000001
2516,0.9324751000000001
2517,0.9079282666666668
2518,0.9168863333333335
2519,0.9172628999999999
2520,0.9218948000000001
2521,0.9277822999999998
2522,0.95259176
2523,0.9179043
2524,0.9168844400000001
2525,0.9332329900000002
2526,0.9155615666666668
2527,0.90094111
2528,0.9215135888888888
2529,0.9533836571428571
2530,0.9145507444444446
2531,0.922073275
2532,0.9123072166666667
2533,0.9201332583333333
2534,0.8997891499999999
2535,0.903297175
2536,0.9190365044871796
2537,0.9148465250000001
2538,0.9138891466666665
2539,0.91074006
2540,0.9071444333333332
2541,0.9209713
2542,0.9159260999999999
2543,0.9315507166666668
2544,0.9148780999999999
2545,0.9220535833333333
2546,0.9072764166666667
2547,0.9092485833333335
2548,0.9445709666666666
2549,0.9000662
2550,0.9296399714285715
2551,0.9243859099999998
2552,0.91876835
2553,0.9048361976190475
2554,0.9298374333333334
2555,0.9055946333333335
2556,0.9177304749999999
2557,0.92534095
2558,0.939991
2559,0.92058725
2560,0.9087173
2561,0.9139027899999999
2562,0.9210193833333333
2563,0.9359528666666668
2564,0.9837119599999999
2565,0.9075856633333332
2566,0.9195031
2567,0.9275880714285714
2568,0.9372899
2569,0.9369558999999998
2570,0.9215484583333333
2571,0.9368563
2572,0.9423442999999999
2573,0.9063195583333334
2574,0.9238959066666667
2575,0.9175383833333333
2576,0.9286570166666666
2577,0.9172373666666666
2578,0.9187494285714287
2579,0.90989329
2580,0.9519556666666666
2581,0.9249755000000001
2582,0.8999276999999999
2583,0.9250037083333333
2584,0.9175007450000001
2585,0.9226117416666666
2586,0.9036178999999999
2587,0.92283702
2588,0.9114723583333333
2589,0.9125564
2590,0.9150851666666668
2591,0.94854018
2592,0.90473898
2593,0.91803355
2594,0.9456548333333334
2595,0.9297650000000001
2596,0.9366830399999999
2597,0.919455257142857
2598,0.91001216
2599,0.91755922
2600,0.9128666000000001
2601,0.9429208666666666
2602,0.9176342499999999
2603,0.9250497499999998
2604,0.9122160999999999
2605,0.9030503
2606,0.9177928
2607,0.9174390749999999
2608,0.9251353
2609,0.9143057000000001
2610,0.9462419666666666
2611,0.8998140416666665
2612,0.9282854
2613,0.9180759500000001
2614,0.90954114
2615,0.91820189
2616,0.9262976466666666
2617,0.94232625
2618,0.9105932333333332
2619,0.9103898166666667
2620,0.9706931000000001
2621,0.9059945988095237
2622,0.9323102750000001
2623,0.9075752333333332
2624,0.9329447499999999
2625,0.9345347
2626,0.9208822333333334
2627,0.9198252250000001
2628,0.9352665000000002
2629,0.9141327466666667
2630,0.9147604666666668
2631,0.9212757555555555
2632,0.9234868
2633,0.9112645
2634,0.9462376999999998
2635,0.9328810000000001
2636,0.9137341416666667
2637,0.9160013000000001
2638,0.9334688999999999
2639,0.9100044971428571
2640,0.90831815
2641,0.9065077200000001
2642,0.9265280333333333
2643,0.9208762499999998
2644,0.9161110999999998
2645,0.9296685800000001
2646,0.9373057750000001
2647,0.9424148999999999
2648,0.9132082499999999
2649,0.9189258199999999
2650,0.9253532600000002
2651,0.9237578000000001
2652,0.937913842857143
2653,0.9292927571428573
2654,0.9286178999999999
2655,0.9280939
2656,0.9304155
2657,0.9144609833333334
2658,0.91604961
2659,0.9099269666666666
2660,0.9098207666666666
2661,0.92678376
2662,0.8980820666666667
2663,0.9154787166666667
2664,0.9146119333333331
2665,0.92070095
2666,0.9064560333333332
2667,0.9366846999999998
2668,0.9234657666666669
2669,0.9301625999999998
2670,0.89976965
2671,0.9184892200000002
2672,0.9167615
2673,0.9275249999999999
2674,0.9049685666666665
2675,0.9404877
2676,0.9464755
2677,0.9121558666666667
2678,0.9142938333333334
2679,0.9141613333333332
2680,0.9074074999999999
2681,0.9188617499999999
2682,0.9086448500000002
2683,0.9067932333333335
2684,0.9232167499999999
2685,0.9091418000000001
2686,0.9162419499999999
2687,0.9337367666666667
2688,0.9394443499999999
2689,0.9317915166666666
2690,0.9186117666666668
2691,0.9384007999999999
2692,0.9098192999999999
2693,0.9040717466666669
2694,0.91217255
2695,0.9221347333333332
2696,0.9182006000000001
2697,0.9091236
2698,0.9055871333333332
2699,0.9460395714285715
2700,0.945149
2701,0.9235142
2702,0.91010594
2703,0.9127883333333333
2704,0.9025054833333336
2705,0.9137729999999997
2706,0.9064279200000002
2707,0.9575820333333332
2708,0.91770734
2709,0.9104969
2710,0.9142125
2711,0.9109200444444445
2712,0.8985608333333334
2713,0.9193225
2714,0.9125565
2715,0.9205961
2716,0.9163084666666668
2717,0.9510952666666664
2718,0.9133695000000002
2719,0.91967765
2720,0.911693515
2721,0.91806322
2722,0.9149593777777779
2723,0.9287488199999998
2724,0.93331122
2725,0.9152484
2726,0.9234869
2727,0.9093179833333334
2728,0.91708435
2729,0.9086744250000001
2730,0.9166938
2731,0.9205976833333335
2732,0.900435925
2733,0.91196915
2734,0.9202799333333335
2735,0.9101435
2736,0.9232881666666668
2737,0.9110810833333334
2738,0.9096703000000002
2739,0.9045721619047618
2740,0.9094397333333333
2741,0.9234441133333332
2742,0.9106368
2743,0.9131978000000001
2744,0.9242278666666668
2745,0.9130756805555554
2746,0.9523938000000001
2747,0.9089869933333334
2748,0.9009138380952383
2749,0.9119330999999999
2750,0.9231617
2751,0.9080036000000001
2752,0.9346552666666668
2753,0.9181043785714287
2754,0.9213941
2755,0.92880343
2756,0.9185984833333334
2757,0.9061589700000001
2758,0.9223125
2759,0.9210992666666667
2760,0.9109213166666666
2761,0.9104439833333332
2762,0.9202529866666668
2763,0.915423180952381
2764,0.9053377833333334
2765,0.9263295666666668
2766,0.9213013333333333
2767,0.9367166499999999
2768,0.9190695999999999
2769,0.9152845833333334
2770,0.9300270750000001
2771,0.9119737166666665
2772,0.9100462738095236
2773,0.9243900999999999
2774,0.91512185
2775,0.90437655
2776,0.928642705
2777,0.926908875
2778,0.9055858349999999
2779,0.90438415
2780,0.914212830952381
2781,0.9144202666666666
2782,0.9268112000000001
2783,0.9120685999999999
2784,0.9101390950000001
2785,0.9152303500000001
2786,0.9032491333333332
2787,0.9206235333333334
2788,0.8995295333333331
2789,0.9133527714285714
2790,0.9263233333333334
2791,0.9383921000000001
2792,0.9207249
2793,0.9038992999999997
2794,0.9133437499999999
2795,0.9089793
2796,0.9018066933333333
2797,0.9394790833333332
2798,0.9185637000000002
2799,0.9319106500000001
2800,0.9146661066666667
2801,0.9505330333333333
2802,0.9213296999999999
2803,0.9166019333333335
2804,0.907485075
2805,0.9170415250000001
2806,0.9124038200000001
2807,0.9222177666666667
2808,0.914417175
2809,0.9408852000000001
2810,0.9130401599999999
2811,0.9221228
2812,0.9012601333333332
2813,0.9117012833333333
2814,0.9196760066666666
2815,0.9517524999999999
2816,0.9004883666666667
2817,0.9186564483333332
2818,0.9165403000000001
2819,0.9030532499999999
2820,0.9096493000000001
2821,0.9347877
2822,0.9084430833333332
2823,0.9119559999999998
2824,0.9130547083333334
2825,0.9118247666666667
2826,0.9260523
2827,0.9053757500000001
2828,0.9034478333333334
2829,0.9149022333333334
2830,0.91638466
2831,0.9411381999999999
2832,0.9317343499999999
2833,0.9191659333333332
2834,0.9048841000000001
2835,0.913386
2836,0.9173034999999998
2837,0.9088556666666665
2838,0.9212374749999999
2839,0.91233045
2840,0.895429
2841,0.9166697000000003
2842,0.9107963166666666
2843,0.9098706333333334
2844,0.9165492000000001
2845,0.9248569
2846,0.9210869333333334
2847,0.9197650999999999
2848,0.8875128466666666
2849,0.9068744000000001
2850,0.9236645666666666
2851,0.9141373000000002
2852,0.90893942
2853,0.91508945
2854,0.9290636666666667
2855,0.9099826166666668
2856,0.9326785
2857,0.9237996150000001
2858,0.9542818000000001
2859,0.9145507499999999
2860,0.9178350166666664
2861,0.9479410833333333
2862,0.9425143583333334
2863,0.9169627000000002
2864,0.9290984999999999
2865,0.902746125
2866,0.9104010178571429
2867,0.9079704333333334
2868,0.9244745266666667
2869,0.9140588666666668
2870,0.9636493333333332
2871,0.93789975
2872,0.9322855666666665
2873,0.9292026999999999
2874,0.9070852583333332
2875,0.9319556200000001
2876,0.9227234
2877,0.9139484166666666
2878,0.9124715266666665
2879,0.9217404333333332
2880,0.9159558166666667
2881,0.9354124333333333
2882,0.9081624166666666
2883,0.91086265
2884,0.9027595500000002
2885,0.9131029500000002
2886,0.9110251999999999
2887,0.9285349999999999
2888,0.9249878833333334
2889,0.9150198799999998
2890,0.9374476633333334
2891,0.90926365
2892,0.9139940900000001
2893,0.9103056
2894,0.9407028300000002
2895,0.9091675650000001
2896,0.9307806083333332
2897,0.9369647666666667
2898,0.9289972000000001
2899,0.9231527500000001
2900,0.9093262666666666
2901,0.9282204000000001
2902,0.9077181150000001
2903,0.9408808500000001
2904,0.9095965116666666
2905,0.9092834333333334
2906,0.9054275166666667
2907,0.9083444650000001
2908,0.92310745
2909,0.9093645666666668
2910,0.9042941666666666
2911,0.9278510000000001
2912,0.9117545400000001
2913,0.9329086
2914,0.9095572999999998
2915,0.9118519
2916,0.9210007333333333
2917,0.90365845
2918,0.9131866749999998
2919,0.9109924650000002
2920,0.9059358675
2921,0.91802615
2922,0.9164408333333333
2923,0.9283648999999998
2924,0.9114334666666666
2925,0.9273016799999999
2926,0.92950775
2927,0.9336901000000001
2928,0.92642735
2929,0.9434793666666668
2930,0.9101943333333333
2931,0.9442425666666668
2932,0.9192954
2933,0.9127129333333333
2934,0.9271996000000001
2935,0.9434546571428571
2936,0.9098774083333334
2937,0.8940514000000002
2938,0.9197037399999999
2939,0.91747975
2940,0.9252800499999999
2941,0.9200662666666668
2942,0.9304788
2943,0.9081511833333336
2944,0.911946675
2945,0.90856135
2946,0.9304402366666666
2947,0.9098983666666667
2948,0.9082728833333336
2949,0.9134847
2950,0.9081184857142857
2951,0.9160010666666667
2952,0.9248689999999999
2953,0.9371936
2954,0.9090171399999999
2955,0.9088888166666667
2956,0.9136660416666667
2957,0.9256950714285714
2958,0.917585875
2959,0.92007405
2960,0.9228876333333333
2961,0.9086260285714285
2962,0.90894765
2963,0.9291372000000001
2964,0.9309347800000001
2965,0.9117554666666667
2966,0.9180880533333333
2967,0.9225730166666667
2968,0.8987143333333332
2969,0.9125458833333333
2970,0.9083016799999999
2971,0.9256405000000001
2972,0.9219118666666667
2973,0.9301580833333333
2974,0.9422584
2975,0.9445046999999999
2976,0.9309576499999999
2977,0.9208691571428572
2978,0.9135411
2979,0.9124691800000001
2980,0.9150571583333333
2981,0.9360252999999998
2982,0.9350831650000002
2983,0.9280624666666668
2984,0.9152755000000001
2985,0.9265309
2986,0.9089667190476189
2987,0.9142080166666668
2988,0.9605104499999999
2989,0.9283766050000001
2990,0.93158835
2991,0.9126467
2992,0.9280769111111112
2993,0.9310750000000001
2994,0.9168563000000001
2995,0.9154610266666667
2996,0.9316233200000003
2997,0.9027886800000001
2998,0.9306116238095237
2999,0.9151170266666666
3000,0.9215446999999999
3001,0.9131528000000001
3002,0.9442579999999999
3003,0.9170266333333335
3004,0.9080386999999999
3005,0.9323939333333333
3006,0.9204186333333333
3007,0.9493499
3008,0.9042141000000001
3009,0.9156972666666668
3010,0.9376346666666666
3011,0.9218520000000001
3012,0.9308159833333335
3013,0.9123721400000001
3014,0.9069364466666666
3015,0.9172155826839825
3016,0.9114435466666665
3017,0.9102785321428574
3018,0.9094524183333335
3019,0.92903345
3020,0.9111571571428569
3021,0.9282385999999999
3022,0.9109270866666666
3023,0.9348149000000001
3024,0.9186842000000001
3025,0.9082095433333335
3026,0.9217434000000001
3027,0.9432310666666666
3028,0.92204595
3029,0.9146114500000001
3030,0.9083408083333333
3031,0.9061516999999999
3032,0.9183921999999999
3033,0.9495254216666666
3034,0.92953255
3035,0.9012195000000001
3036,0.9019904083333333
3037,0.9309034
3038,0.9239876083333332
3039,0.9348599999999999
3040,0.9317944833333331
3041,0.9321975666666666
3042,0.9163776166666668
3043,0.9203162
3044,0.9426827333333334
3045,0.9121711333333333
3046,0.9266002333333333
3047,0.9088852199999998
3048,0.9322563444444445
3049,0.9361035833333332
3050,0.9144740666666665
3051,0.9177538166666667
3052,0.9214727
3053,0.9103014500000001
3054,0.9220310166666665
3055,0.9434418000000001
3056,0.9258445999999999
3057,0.933542935
3058,0.9127469500000001
3059,0.908722467857143
3060,0.9227741214285714
3061,0.9020108199999999
3062,0.91504881
3063,0.9271654699999999
3064,0.9016647766666667
3065,0.9086253333333334
3066,0.9182473333333334
3067,0.94126025
3068,0.92806678
3069,0.9245867249999999
3070,0.9135351333333335
3071,0.9288111833333332
3072,0.9216185166666666
3073,0.9169779466666667
3074,0.9329110500000001
3075,0.9283714571428572
3076,0.9055864083333333
3077,0.9045754499999997
3078,0.9053305399999999
3079,0.91731789
3080,0.90821585
3081,0.9306337333333332
3082,0.9092842500000001
3083,0.9185407533333333
3084,0.9176417000000001
3085,0.9039327683333334
3086,0.904439357142857
3087,0.9225473249999998
3088,0.9323078833333334
3089,0.9146929
3090,0.9034253833333332
3091,0.9219331666666666
3092,0.9165492333333333
3093,0.9327709624999999
3094,0.9206082333333333
3095,0.9336856499999999
3096,0.9098415833333332
3097,0.9027855666666665
3098,0.9002171833333332
3099,0.9195302
3100,0.935664
3101,0.9078364499999999
3102,0.9084433416666666
3103,0.9138572
3104,0.9057874333333334
3105,0.9271213333333334
3106,0.9106474666666667
3107,0.9088587666666668
3108,0.9162903333333332
3109,0.9221725
3110,0.9176490714285714
3111,0.945899
3112,0.9139252761904763
3113,0.9165402749999998
3114,0.9346928999999999
3115,0.900882945
3116,0.9125564000000003
3117,0.9124137208333334
3118,0.9212254833333334
3119,0.9268336749999999
3120,0.906832975
3121,0.9104426
3122,0.9146942666666666
3123,0.9140043383333334
3124,0.9028049749999999
3125,0.9370430333333335
3126,0.91136835
3127,0.9210704666666667
3128,0.9432610633333335
3129,0.9048409536363637
3130,0.9149789833333333
3131,0.9524272666666667
3132,0.9189127666666668
3133,0.9180727666666666
3134,0.9185276333333334
3135,0.9120837166666667
3136,0.90947595
3137,0.9230984333333334
3138,0.9058022666666666
3139,0.932152125
3140,0.9184342333333332
3141,0.9099774
3142,0.9095665000000001
3143,0.91531874
3144,0.9142321500000001
3145,0.9134151714285712
3146,0.9187279333333335
3147,0.9196446555555555
3148,0.9266157708333334
3149,0.9156459166666668
3150,0.9087292666666666
3151,0.9048841333333334
3152,0.9351986999999999
3153,0.9243892299999998
3154,0.9529946500000002
3155,0.94171888
3156,0.9247984549999998
3157,0.9404968
3158,0.925479421904762
3159,0.9424208999999999
3160,0.9271228714285714
3161,0.91072255
3162,0.9313912500000001
3163,0.9058989000000001
3164,0.9224391000000001
3165,0.9344993666666666
3166,0.9109667
3167,0.93063535
3168,0.9201219500000001
3169,0.9099917666666666
3170,0.9279795333333334
3171,0.9102876083333333
3172,0.95963308
3173,0.8972131000000001
3174,0.9105420499999999
3175,0.9022857904761905
3176,0.92592135
3177,0.9128096166666666
3178,0.9164946799999999
3179,0.9290605333333334
3180,0.9087788666666669
3181,0.907019
3182,0.9469827000000001
3183,0.9621937500000002
3184,0.91333038
3185,0.9279720666666667
3186,0.9247154
3187,0.91311655
3188,0.9084914
3189,0.9096281166666668
3190,0.9075474
3191,0.93121099
3192,0.93151598
3193,0.9641493000000001
3194,0.9118247333333332
3195,0.9274346666666666
3196,0.9063578950000002
3197,0.9092865000000001
3198,0.9143592952380951
3199,0.9205509833333332
3200,0.9129434583333333
3201,0.9813656111111111
3202,0.9236111250000001
3203,0.9379132
3204,0.9165597499999999
3205,0.9144842000000001
3206,0.9452243500000002
3207,0.9204224066666666
3208,0.9242306666666666
3209,0.9146430249999999
3210,0.9076945295238096
3211,0.9115411200000001
3212,0.92778637
3213,0.941131375
3214,0.9243453
3215,0.9175774999999999
3216,0.9426919666666669
3217,0.9503775799999999
3218,0.9154922500000001
3219,0.9265943666666667
3220,0.9086823980952381
3221,0.9209515666666667
3222,0.9257361666666668
3223,0.9266612600000002
3224,0.9128930416666667
3225,0.9064002499999999
3226,0.9554621666666667
3227,0.9110361116666666
3228,0.908374
3229,0.9054521571428571
3230,0.9348577500000002
3231,0.9229358000000001
3232,0.9034641499999999
3233,0.9000045
3234,0.926145
3235,0.9141402999999999
3236,0.9455103500000002
3237,0.9260462666666669
3238,0.9368263000000001
3239,0.9359388416666666
3240,0.90437905
3241,0.9420913000000001
3242,0.9095650166666667
3243,0.9456549000000001
3244,0.9246508166666667
3245,0.932457
3246,0.9110009033333334
3247,0.9171679999999999
3248,0.9099638000000001
3249,0.9143992999999998
3250,0.9261250000000001
3251,0.9138617
3252,0.9309865400000001
3253,0.9345349000000001
3254,0.9348329
3255,0.9500903
3256,0.91722128
3257,0.9384283
3258,0.9318715
3259,0.9050315666666666
3260,0.9085230833333334
3261,0.92077063
3262,0.9143557
3263,0.92344916
3264,0.91335432
3265,0.9148253266666666
3266,0.9109125
3267,0.9061876300000001
3268,0.9090679833333335
3269,0.9323102166666667
3270,0.90315265
3271,0.9131646333333334
3272,0.9320512857142857
3273,0.9354049666666666
3274,0.9292320999999999
3275,0.918961325
3276,0.9054652000000001
3277,0.9211463583333334
3278,0.9133765638888889
3279,0.9156609266666667
3280,0.9223499500000001
3281,0.9381933
3282,0.9072314499999999
3283,0.9229812
3284,0.9079839666666667
3285,0.9067749
3286,0.9360613799999999
3287,0.9128468850000001
3288,0.9296747
3289,0.9139656500000001
3290,0.9222064249999999
3291,0.9085998333333334
3292,0.9178499
3293,0.9597921999999999
3294,0.9213790999999999
3295,0.9289723333333335
3296,0.9184192214285716
3297,0.90368216
3298,0.9111870866666667
3299,0.8984552499999999
3300,0.9036179833333333
3301,0.9193001533333334
3302,0.9022727285714286
3303,0.9341645
3304,0.9133467833333334
3305,0.90512742
3306,0.9147605500000001
3307,0.9426378499999999
3308,0.896806675
3309,0.9054771333333334
3310,0.9334952416666669
3311,0.9158640666666666
3312,0.92336035
3313,0.9135139499999999
3314,0.9480035200000001
3315,0.9384471900000001
3316,0.95776415
3317,0.9359171000000002
3318,0.9249654277777779
3319,0.9207520533333332
3320,0.9179133
3321,0.9548327999999999
3322,0.9329269
3323,0.9350104666666667
3324,0.9110868833333333
3325,0.94190605
3326,0.9335632388888889
3327,0.9277651666666665
3328,0.9096567
3329,0.9207813000000001
3330,0.91348747
3331,0.9095052333333336
3332,0.910523925
3333,0.9443389
3334,0.935962
3335,0.9071905999999998
3336,0.9039521166666666
3337,0.9166982666666665
3338,0.9241147583333333
3339,0.9267336499999999
3340,0.93482375
3341,0.9231316333333334
3342,0.9671906
3343,0.9257722999999999
3344,0.9252513750000002
3345,0.9281932199999998
3346,0.9098343333333334
3347,0.9186197071428571
3348,0.9087380695238094
3349,0.9284643666666665
3350,0.9041779833333333
3351,0.9029946166666665
3352,0.9140701666666665
3353,0.9382248500000001
3354,0.913746675
3355,0.91202355
3356,0.9322041714285716
3357,0.9033574666666666
3358,0.9071846333333335
3359,0.9241848249999999
3360,0.92460255
3361,0.9284551999999999
3362,0.9418427000000001
3363,0.9420475000000001
3364,0.9277598000000001
3365,0.9143990500000001
3366,0.91250525
3367,0.9354381
3368,0.9291655575
3369,0.89571825
3370,0.9184922866666667
3371,0.9270022150000001
3372,0.9003422133333334
3373,0.9095573666666669
3374,0.92009025
3375,0.9145800500000002
3376,0.9590136266666667
3377,0.9465608900000001
3378,0.9175369666666666
3379,0.9056651133333334
3380,0.9179336500000002
3381,0.9065670500000002
3382,0.91881445
3383,0.9453823833333335
3384,0.9065491866666667
3385,0.8913859571428573
3386,0.9489371333333333
3387,0.9342722533333333
3388,0.9092533000000002
3389,0.9205602
3390,0.9488814000000001
3391,0.9087406
3392,0.9350627300000001
3393,0.9106684416666665
3394,0.9159410333333333
3395,0.93112375
3396,0.924455407142857
3397,0.9182925500000001
3398,0.9202214
3399,0.9266667944444447
3400,0.9206594333333333
3401,0.9146339999999998
3402,0.91501145
3403,0.9144037499999997
3404,0.9075998366666667
3405,0.9137346800000001
3406,0.9180847999999999
3407,0.9333423
3408,0.9051589857142858
3409,0.9178989
3410,0.9134228333333333
3411,0.9276579249999999
3412,0.9224751333333334
3413,0.9321119314285715
3414,0.8978861
3415,0.9087533999999999
3416,0.9175416000000001
3417,0.9410568333333333
3418,0.9112556999999999
3419,0.9398090499999998
3420,0.9424950400000001
3421,0.9201822
3422,0.9301173083333332
3423,0.9109034000000001
3424,0.9256488666666666
3425,0.906579780952381
3426,0.92673445
3427,0.9252258000000001
3428,0.9138820583333332
3429,0.9310162666666667
3430,0.9090813000000001
3431,0.9199006750000001
3432,0.9241643249999999
3433,0.9042455166666666
3434,0.9354742333333332
3435,0.9253477
3436,0.9345529249999999
3437,0.9303097633333334
3438,0.9096477000000002
3439,0.9162856666666668
3440,0.9733483000000002
3441,0.9317778733333334
3442,0.9290200166666669
3443,0.8978527600000001
3444,0.9304082866666669
3445,0.9277867000000001
3446,0.9065395916666669
3447,0.9286992999999999
3448,0.9102889
3449,0.92204155
3450,0.9120860333333335
3451,0.93905595
3452,0.9087425149999999
3453,0.9157452333333336
3454,0.9060501066666667
3455,0.9263730550000002
3456,0.90782275
3457,0.9106729699999999
3458,0.8997380000000001
3459,0.9111124535714286
3460,0.9165989
3461,0.9062535
3462,0.9047172399999999
3463,0.9041860142857144
3464,0.9157361666666667
3465,0.9108136083333334
3466,0.9106136083333334
3467,0.9257235399999999
3468,0.9468926
3469,0.9163504
3470,0.91111369
3471,0.9149103566666665
3472,0.9115448
3473,0.9208586055555557
3474,0.9138912541666668
3475,0.9130599066666667
3476,0.9054559883333333
3477,0.9278092066666666
3478,0.9273787500000001
3479,0.8985596000000001
3480,0.9277731499999998
3481,0.9346088600000002
3482,0.8965881666666669
3483,0.9168743000000001
3484,0.9203975000000002
3485,0.9175049600000001
3486,0.9068925
3487,0.9100241333333333
3488,0.9277677699999998
3489,0.9319118666666668
3490,0.91219065
3491,0.9167419000000001
3492,0.9134461999999999
3493,0.9454862
3494,0.9150587
3495,0.9168584416666666
3496,0.9056541250000002
3497,0.9181118119047618
3498,0.9083110000000001
3499,0.9299999999999999
3500,0.920772425
3501,0.93467926
3502,0.9247650500000001
3503,0.9054139166666666
3504,0.912953675
3505,0.9327085333333333
3506,0.9293932666666667
3507,0.909698365
3508,0.91862687
3509,0.9303750000000001
3510,0.9106123236363638
3511,0.918699275
3512,0.9243632666666667
3513,0.9354651500000001
3514,0.8963881833333334
3515,0.9133784
3516,0.9363233000000001
3517,0.9163142833333332
3518,0.9045188249999999
3519,0.9083620500000003
3520,0.9122448666666667
3521,0.9136675999999999
3522,0.9017313833333332
3523,0.9113552
3524,0.9158790000000001
3525,0.9326829
3526,0.934700325
3527,0.9269557999999998
3528,0.923514
3529,0.92242095
3530,0.907457
3531,0.9304429000000001
3532,0.9221726833333335
3533,0.9174801933333331
3534,0.9171723714285716
3535,0.9063493733333333
3536,0.9104990625000001
3537,0.9097981833333334
3538,0.9271325714285714
3539,0.9416077000000002
3540,0.9331932999999999
3541,0.9222704333333333
3542,0.9585908
3543,0.9335232
3544,0.9363863071428572
3545,0.9129267000000001
3546,0.9113881833333333
3547,0.9506431999999998
3548,0.9095074000000002
3549,0.9065852999999999
3550,0.9340626999999999
3551,0.90852085
3552,0.9257339250000001
3553,0.9115621333333334
3554,0.9047320333333333
