id,Predicted
1,1.0020047
2,0.90445805
3,0.8927523
4,0.9651457
5,0.93836313
6,0.9088655
7,0.9221362
8,0.8833562
9,0.9073417
10,0.9189425
11,0.9069654
12,0.92163324
13,0.94287527
14,0.8883859
15,0.9217346
16,0.9254645
17,0.90686786
18,0.91972125
19,0.91404045
20,0.9243946
21,0.948691
22,0.9150604
23,0.89239275
24,0.9156102
25,0.92545724
26,0.93301284
27,0.8983528
28,0.91934776
29,0.9325768
30,0.9134536
31,0.88654155
32,0.90366864
33,0.90867484
34,0.91431844
35,0.9379563
36,0.9457986
37,0.9326807
38,0.90988386
39,0.9448262
40,0.91946495
41,0.9258369
42,0.9280667
43,0.90723884
44,0.9318764
45,0.9065914
46,0.9274994
47,0.92369485
48,0.9027872
49,0.8981122
50,0.9005896
51,0.92808855
52,0.9135453
53,0.9401066
54,0.9243766
55,0.9137198
56,0.966836
57,0.90395725
58,0.9079082
59,0.89271593
60,0.94454247
61,0.9071267
62,0.8940063
63,0.90701056
64,0.9172239
65,0.95169973
66,0.8997826
67,0.9173893
68,0.91989625
69,0.9246691
70,0.9002491
71,0.9103291
72,0.9274334
73,0.92143166
74,0.9125396
75,0.9412494
76,0.9277132
77,0.9424647
78,0.91110855
79,0.89960366
80,0.9760299
81,0.8999684
82,0.89843225
83,0.9134752
84,0.9476779
85,0.9147531
86,0.9049909
87,0.9599116
88,0.9105109
89,0.9025328
90,0.904601
91,0.89211845
92,0.9544146
93,0.91878283
94,0.9048449
95,0.906627
96,0.9261121
97,0.9225443
98,0.91711116
99,0.90045774
100,0.9017857
101,0.90614426
102,0.9176917
103,0.89707136
104,0.90749276
105,0.9104707
106,0.91570747
107,0.91034484
108,0.91876686
109,0.9482132
110,0.917645
111,0.9293107
112,0.9157764
113,0.9297508
114,0.91082716
115,0.9058744
116,0.90168685
117,0.9177424
118,0.92229956
119,0.8967303
120,0.9261714
121,0.9100748
122,0.91105735
123,0.92586374
124,0.92962503
125,0.9410141
126,0.9034883
127,0.9509345
128,0.9394424
129,0.90986514
130,0.88772273
131,0.9061595
132,0.9030714
133,0.9150386
134,0.91637766
135,0.9005327
136,0.91745996
137,0.92553437
138,0.9175453
139,0.90698695
140,0.91607034
141,0.9752357
142,0.9210702
143,0.914374
144,0.9328551
145,0.95656615
146,0.9263451
147,0.88998616
148,0.9203284
149,0.9112486
150,0.90186936
151,0.8875779
152,0.9124949
153,0.93717724
154,0.96271586
155,0.9068694
156,0.92854464
157,0.9394505
158,0.9470123
159,0.913624
160,0.91614175
161,0.89822346
162,0.9481206
163,0.9209467
164,0.90454113
165,0.9034654
166,0.92053175
167,0.9116088
168,0.91307735
169,0.921818
170,0.9332638
171,0.90215236
172,0.95088685
173,0.90819097
174,0.94062304
175,0.9420569
176,0.90300584
177,0.9164999
178,0.9369203
179,0.9228299
180,0.9197345
181,0.91589177
182,0.9003117
183,0.90611696
184,0.9204222
185,0.9198259
186,0.9088162
187,0.9116577
188,0.9227935
189,0.9306377
190,0.89631635
191,0.9237886
192,0.92116624
193,0.91535026
194,0.9107278
195,0.91492987
196,0.9029139
197,0.9727098
198,0.8969809
199,0.9463831
200,0.9457258
201,0.9034376
202,0.9264381
203,0.9221225
204,0.93052375
205,0.96941745
206,0.9228614
207,0.916787
208,0.918728
209,0.92163455
210,0.918596
211,0.9508233
212,0.94625187
213,0.95373154
214,0.908026
215,0.88826585
216,0.9236406
217,0.95138824
218,0.9255651
219,0.9391986
220,0.91762936
221,0.9073378
222,0.9247991
223,0.9350962
224,0.90904605
225,0.9238763
226,0.95597404
227,0.96608645
228,0.9271364
229,0.9554223
230,0.92524695
231,0.9348333
232,0.9318033
233,0.90325516
234,0.922364
235,0.9099833
236,0.8998176
237,0.8885803
238,0.92617726
239,0.91362566
240,0.94828165
241,0.9119693
242,0.91795325
243,0.90728444
244,0.9022202
245,0.91441315
246,0.93056333
247,0.9354339
248,0.9045098
249,0.9019984
250,0.8995929
251,0.9265574
252,0.9409071
253,0.924132
254,0.9141818
255,0.9089062
256,0.9383328
257,0.93221414
258,0.9297871
259,0.9298779
260,0.92054236
261,0.9088536
262,0.93722
263,0.91941035
264,0.92710507
265,0.9087297
266,0.9158293
267,0.90912163
268,0.9640749
269,0.91030097
270,0.9312681
271,0.91081905
272,0.9163732
273,0.90670776
274,0.902138
275,0.93036807
276,0.9102565
277,0.91934603
278,0.909346
279,0.94468856
280,0.899089
281,0.9027124
282,0.8883228
283,0.9059808
284,0.9354774
285,0.90757537
286,0.8872129
287,0.90100646
288,0.95245403
289,0.9127138
290,0.9483615
291,0.9097124
292,0.9327419
293,0.92388856
294,0.91628337
295,0.8974676
296,0.95315915
297,0.90899193
298,0.94216096
299,0.90484786
300,0.9182035
301,0.92005116
302,0.91218793
303,0.9491132
304,0.90272045
305,0.8916045
306,0.9082884
307,0.8939056
308,0.90703666
309,0.9144262
310,0.9159454
311,0.9198664
312,0.89124036
313,0.9282014
314,0.9305388
315,0.9853257
316,0.90006673
317,0.91323113
318,0.90958357
319,0.92250025
320,0.9084209
321,0.902796
322,0.9427768
323,0.9195379
324,0.93051887
325,0.92215586
326,0.9347662
327,0.9434414
328,0.9124514
329,0.9083562
330,0.9314319
331,0.9180471
332,0.9145456
333,0.9023247
334,0.9236471
335,0.9157997
336,0.9173583
337,0.9281151
338,0.89746535
339,0.9380498
340,0.9114898
341,0.9364306
342,0.93723947
343,0.9362594
344,0.9360161
345,0.9145091
346,0.9301441
347,0.9237704
348,0.92008287
349,0.9402398
350,0.921281
351,0.9026713
352,0.9052553
353,0.9267069
354,0.9004533
355,0.9095818
356,0.94654274
357,0.94158816
358,0.9256489
359,0.93281496
360,0.9275248
361,0.9046529
362,0.93220246
363,0.9098935
364,0.9086649
365,0.9030005
366,0.9193368
367,0.9144473
368,0.909436
369,0.90636533
370,0.9296981
371,0.9286595
372,0.9058736
373,0.9602845
374,0.9287676
375,0.90508187
376,0.9136788
377,0.9297602
378,0.92412806
379,0.9003012
380,0.89054835
381,0.92876875
382,0.9107602
383,0.9163364
384,0.9316081
385,0.921026
386,0.9138883
387,0.89031243
388,0.92514133
389,0.91858983
390,0.90932816
391,0.9280168
392,0.9545808
393,1.0070804
394,0.88987756
395,0.91755426
396,0.9602139
397,0.92456067
398,0.90475917
399,0.8950952
400,0.94541717
401,0.90890265
402,0.91194594
403,0.8898137
404,0.9404185
405,0.9132412
406,0.9125534
407,0.9162848
408,0.9327243
409,0.9247704
410,0.9494271
411,0.91284305
412,0.92537344
413,0.8944963
414,0.91450846
415,0.9063275
416,0.918828
417,0.9180492
418,0.91116035
419,0.9372022
420,0.90685385
421,0.9400412
422,0.9305668
423,0.89987516
424,0.91027826
425,0.89708936
426,0.91999334
427,0.9214705
428,0.95168054
429,0.90442955
430,0.88760185
431,0.93772405
432,0.93333924
433,0.89926195
434,0.9275296
435,0.9134329
436,0.914006
437,0.9092176
438,0.91806006
439,0.90155405
440,0.9122387
441,0.9121399
442,0.92150986
443,0.92151093
444,0.94661695
445,0.93924993
446,0.92786884
447,0.90551895
448,0.88238853
449,0.9227737
450,0.91263926
451,0.90047145
452,0.91831493
453,0.9499825
454,0.9358891
455,0.9146275
456,0.90596724
457,0.92388856
458,0.91912055
459,0.9163276
460,0.9243011
461,0.96584547
462,0.9230517
463,0.89841825
464,0.9266192
465,0.9057163
466,0.8956404
467,0.9022571
468,0.91858053
469,0.94843704
470,0.90778077
471,0.914364
472,0.9148294
473,0.9168297
474,0.8947226
475,0.9359523
476,0.92983264
477,0.9120846
478,0.910079
479,0.9342176
480,0.9352747
481,0.9111252
482,0.8936491
483,0.9431906
484,0.92102516
485,0.9148596
486,0.91541344
487,0.91755533
488,0.8995967
489,0.93369055
490,0.9102813
491,0.92577016
492,0.9299928
493,0.9404585
494,0.8874104
495,0.9321493
496,0.9150554
497,0.96799433
498,0.9136541
499,0.9141794
500,0.94031096
501,0.95859003
502,0.93066084
503,0.9151833
504,0.9253742
505,0.91942525
506,0.9409528
507,0.9154719
508,0.8961878
509,0.9733167
510,0.89950573
511,0.9082755
512,0.9159782
513,0.9152313
514,0.90515095
515,0.92412794
516,0.9196135
517,0.9207076
518,0.94779015
519,0.92334926
520,0.9060476
521,0.996337
522,0.9290785
523,0.9147177
524,0.945361
525,0.93367064
526,0.9614052
527,0.9233663
528,0.9360608
529,0.9256032
530,0.9023951
531,0.9200915
532,0.9319893
533,0.89015424
534,0.917459
535,0.9276899
536,0.950067
537,0.9368986
538,0.92346245
539,0.96103597
540,0.9374611
541,0.9018831
542,0.91112494
543,0.90817547
544,0.9214667
545,0.89846987
546,0.94751525
547,0.9088938
548,0.89515364
549,0.9821329
550,0.91073275
551,0.91189593
552,0.90864384
553,0.91268945
554,0.9104096
555,0.9483501
556,0.9184643
557,0.9165504
558,0.9218989
559,0.9161984
560,0.89412844
561,0.90596557
562,0.9168564
563,0.94828904
564,0.9286288
565,0.9302521
566,0.9099703
567,0.97156286
568,0.8998176
569,0.9033879
570,0.9252175
571,0.9205103
572,0.91979945
573,0.91523975
574,0.9610556
575,0.90609336
576,0.9329338
577,0.90809643
578,0.9312451
579,0.8876642
580,0.9180821
581,0.890738
582,0.90471625
583,0.915499
584,0.9192991
585,0.9364033
586,0.8996254
587,0.8962527
588,0.8995
589,0.92052114
590,0.9095905
591,0.9212911
592,0.9082194
593,0.9005844
594,0.9076476
595,0.91735446
596,0.90728575
597,0.91635907
598,0.9100934
599,0.9300092
600,0.9200349
601,0.9221548
602,0.9639985
603,0.94208807
604,0.9119134
605,0.9244561
606,0.88998485
607,0.94339514
608,0.9259124
609,0.9052774
610,0.9339588
611,0.952186
612,0.9140233
613,0.96708983
614,0.91225207
615,0.91763943
616,0.93302083
617,0.9258483
618,0.9610556
619,0.9239749
620,0.90540457
621,0.9075978
622,0.9180486
623,0.9125105
624,0.9119024
625,0.9077554
626,0.92620355
627,0.91771114
628,0.89279056
629,0.9053481
630,0.94596595
631,0.9195784
632,0.9176668
633,0.9278376
634,0.9540576
635,0.91897225
636,0.90446997
637,0.9037936
638,0.9055944
639,0.92271686
640,0.90904224
641,0.9250423
642,0.90384454
643,0.9119104
644,0.9422793
645,0.9110074
646,0.93523175
647,0.9095972
648,0.9317962
649,0.93634725
650,0.9002392
651,0.9360895
652,0.9086565
653,0.89541507
654,0.89531386
655,0.9281268
656,0.91711104
657,0.8911161
658,0.91320205
659,0.9088845
660,0.9491388
661,0.91890824
662,0.91211104
663,0.90247387
664,0.90005803
665,0.91016173
666,0.89320827
667,0.914739
668,0.92415196
669,0.93058443
670,0.91895974
671,0.9311694
672,0.90479505
673,0.9477552
674,0.91555417
675,0.91086644
676,0.90327233
677,0.94758654
678,0.8971199
679,0.9107034
680,0.90794575
681,0.956089
682,0.90189564
683,0.89002836
684,0.91074336
685,0.8996444
686,0.94286954
687,0.9016399
688,0.92164266
689,0.9262167
690,0.9123777
691,0.94067156
692,0.92065793
693,0.9249095
694,0.9314075
695,0.91429436
696,0.9242768
697,0.90460664
698,0.9100009
699,0.914076
700,0.9088073
701,0.9507546
702,0.9165925
703,0.9661088
704,0.9157943
705,0.920652
706,0.93450665
707,0.9150343
708,0.92778695
709,0.9239526
710,0.89880896
711,0.91097474
712,0.9143615
713,0.93366516
714,0.9021385
715,0.9175318
716,0.91762316
717,0.9205735
718,0.9027791
719,0.9046494
720,0.9117547
721,0.92922187
722,0.9408773
723,0.9308685
724,0.92438614
725,0.91616344
726,0.9265894
727,0.91295516
728,0.95402384
729,0.87806284
730,0.9135721
731,0.8999158
732,0.9195185
733,0.94152325
734,0.90859306
735,0.96379626
736,0.9594512
737,0.921033
738,0.9203186
739,0.9134474
740,0.9245331
741,0.9053611
742,0.9160423
743,0.92640215
744,0.9304373
745,0.90469
746,0.9059279
747,0.9102068
748,0.91409916
749,0.9185349
750,0.9222026
751,0.91729665
752,0.90496236
753,0.91773033
754,0.9103031
755,0.9273954
756,0.9147885
757,0.9208003
758,0.93197036
759,0.91992927
760,0.8967961
761,0.9368347
762,0.9000574
763,0.91363776
764,0.92876124
765,0.9091244
766,0.9161891
767,0.8975538
768,0.9358549
769,0.9848647
770,0.8725381
771,0.951192
772,0.9265386
773,0.926846
774,0.9230455
775,0.9205999
776,0.9076904
777,0.91925514
778,0.903321
779,0.8987905
780,0.91361815
781,0.9035263
782,0.9642774
783,0.9225571
784,0.91897285
785,0.89950794
786,0.90871704
787,0.92936265
788,0.9836346
789,0.92065704
790,0.9679169
791,0.9248269
792,0.92443943
793,0.89250094
794,0.90159035
795,0.9239515
796,0.9424809
797,0.90266657
798,0.94578314
799,0.96216476
800,0.9240848
801,0.9266427
802,0.9038757
803,0.9134037
804,0.8996663
805,0.9287211
806,0.9373981
807,0.9056983
808,0.91383624
809,0.92910707
810,0.90877914
811,0.93203413
812,0.9174876
813,0.9181391
814,0.9275642
815,0.91358197
816,0.9052485
817,0.94068706
818,0.90640223
819,0.9034257
820,0.91130286
821,0.930566
822,0.90533
823,0.9165287
824,0.92902637
825,0.9342891
826,0.9161557
827,0.8974638
828,0.88952684
829,0.8964516
830,0.90113866
831,0.89012253
832,0.905746
833,0.91345584
834,0.92879176
835,0.9193489
836,0.9147153
837,0.92084575
838,0.8922639
839,0.9099997
840,0.9152255
841,0.91517705
842,0.9659976
843,0.92415667
844,0.9114718
845,0.92576313
846,0.92051196
847,0.9186299
848,0.9286969
849,0.8985696
850,0.911482
851,0.9067291
852,0.9251156
853,0.93284535
854,0.89414626
855,0.91622734
856,0.9056351
857,0.92890716
858,0.9093496
859,0.90603757
860,0.9212861
861,0.9020236
862,0.9301549
863,0.90999734
864,0.9041519
865,0.91883194
866,0.9082221
867,0.9073418
868,0.9379364
869,0.9072901
870,0.9320649
871,0.9119903
872,0.9174287
873,0.93430233
874,0.9352497
875,0.8987318
876,0.9609422
877,0.9139514
878,0.90283716
879,0.916901
880,0.91733384
881,0.9512064
882,0.9175346
883,0.93288505
884,0.9413462
885,0.90905607
886,0.92571807
887,0.90465784
888,0.92349833
889,0.9234273
890,0.95176
891,0.9250933
892,0.9227001
893,0.9464221
894,0.93368393
895,0.9102354
896,0.8997874
897,0.9150677
898,0.90598905
899,0.9284009
900,0.9205843
901,0.92992556
902,0.9113348
903,0.8958381
904,0.91847175
905,0.91610825
906,0.90546846
907,0.92615914
908,0.9228649
909,0.92898124
910,0.8986152
911,0.9348928
912,0.8998996
913,0.9048246
914,0.91593087
915,0.9103526
916,0.9142865
917,0.9043232
918,0.9059695
919,0.8915976
920,0.9388526
921,0.9391136
922,0.91041803
923,0.9141224
924,0.90677595
925,1.0096922
926,0.89210683
927,0.9274235
928,0.89975023
929,0.93648934
930,0.92502093
931,0.8987012
932,0.8977028
933,0.90074086
934,0.9047146
935,0.92972237
936,0.94218373
937,0.91267824
938,0.9168652
939,0.92574936
940,0.9280431
941,0.9393734
942,0.89473367
943,0.93139243
944,0.92784905
945,0.9187897
946,0.9092405
947,0.9072859
948,0.9165194
949,0.91590834
950,0.90032375
951,0.9144847
952,0.9395154
953,0.9140328
954,0.9015956
955,0.90915185
956,0.9294692
957,0.91876554
958,0.95237076
959,0.9259497
960,0.9120436
961,0.9444223
962,0.9375562
963,0.90983534
964,0.9412397
965,0.9133735
966,0.9652777
967,0.88655794
968,0.9210506
969,0.8899467
970,0.91053075
971,0.92045045
972,0.9354929
973,0.91404015
974,0.8957476
975,0.9185171
976,0.9023264
977,0.9102602
978,0.9185915
979,0.89945006
980,0.90567786
981,0.9123287
982,0.91052556
983,0.90818137
984,0.92561877
985,0.9359904
986,0.90979254
987,0.9591387
988,0.9453621
989,0.9208618
990,0.92660624
991,0.95230603
992,0.89764726
993,0.91726446
994,0.9581999
995,0.9089689
996,0.9410616
997,0.937691
998,0.9090948
999,0.912869
1000,0.9563614
1001,0.91305244
1002,0.9056854
1003,0.91077304
1004,0.93226403
1005,0.9266764
1006,0.895717
1007,0.9105761
1008,0.95404243
1009,0.9261781
1010,0.90653384
1011,0.9063505
1012,0.9176235
1013,0.926919
1014,0.9670031
1015,0.8959488
1016,0.91355413
1017,0.9068934
1018,0.9141766
1019,0.90569776
1020,0.914026
1021,0.9048079
1022,0.9398986
1023,0.93650675
1024,0.9135134
1025,0.9163367
1026,0.8914688
1027,0.89940536
1028,0.92789906
1029,0.9382602
1030,0.9173544
1031,0.91745245
1032,0.8928577
1033,0.9096042
1034,0.91546935
1035,0.9053186
1036,0.91680723
1037,0.95125574
1038,0.9184654
1039,0.93542933
1040,0.90031075
1041,0.8970181
1042,0.92966616
1043,0.9270358
1044,0.89491963
1045,0.92865396
1046,0.9332447
1047,0.9371619
1048,0.8987205
1049,0.9199084
1050,0.93300885
1051,0.9265058
1052,0.9227843
1053,0.9206635
1054,0.9244292
1055,0.9388281
1056,0.90918493
1057,0.9110179
1058,0.9678859
1059,0.9273888
1060,0.91424143
1061,0.90084296
1062,0.9251708
1063,0.9618193
1064,0.9140318
1065,0.91613
1066,0.9234513
1067,0.90900683
1068,0.93472874
1069,0.92298627
1070,0.9153365
1071,0.89841735
1072,0.9047278
1073,0.8930068
1074,0.89839315
1075,0.89696634
1076,0.89853215
1077,0.9305507
1078,0.92977935
1079,0.90692985
1080,0.918996
1081,0.9172545
1082,0.9212285
1083,0.92064583
1084,0.9137033
1085,0.90449715
1086,0.9480897
1087,0.8926569
1088,0.915463
1089,0.9243446
1090,0.9088168
1091,0.9280143
1092,0.9278895
1093,0.8998524
1094,0.9184745
1095,0.92316926
1096,0.91073245
1097,0.9353213
1098,0.924127
1099,0.9251816
1100,0.898787
1101,0.9086807
1102,0.92729294
1103,0.9244126
1104,0.93670094
1105,0.92542315
1106,0.9073427
1107,0.9262117
1108,0.92186815
1109,0.9044256
1110,0.9041902
1111,0.89263505
1112,0.90693676
1113,0.9443765
1114,0.9276758
1115,0.9139972
1116,0.9003681
1117,0.9071864
1118,0.9176562
1119,0.90476096
1120,0.9251168
1121,0.92327857
1122,0.9236771
1123,0.9458388
1124,0.92494404
1125,0.9203069
1126,0.9414722
1127,0.95270145
1128,0.9370698
1129,0.9128921
1130,0.94312
1131,0.9244746
1132,0.9223579
1133,0.90286654
1134,0.9365634
1135,0.9274483
1136,0.9334874
1137,0.947862
1138,0.9169345
1139,0.92565703
1140,0.9202652
1141,0.9159622
1142,0.9446418
1143,0.9268536
1144,0.8809865
1145,0.9171047
1146,0.9347673
1147,0.9125929
1148,0.9117788
1149,0.92745966
1150,0.95279235
1151,0.8998499
1152,0.9053854
1153,0.9216775
1154,0.9030813
1155,0.9692167
1156,0.93248177
1157,0.92292464
1158,0.9139451
1159,0.92611396
1160,0.9008038
1161,0.91449195
1162,0.93097854
1163,0.9123385
1164,0.9172121
1165,0.9138517
1166,0.95119274
1167,0.9124179
1168,0.92275214
1169,0.9451769
1170,0.91292167
1171,0.9137057
1172,0.9053491
1173,0.912483
1174,0.9087872
1175,0.9388491
1176,0.9160752
1177,0.9247993
1178,0.9284551
1179,0.8966943
1180,0.9166515
1181,0.91594666
1182,0.92300737
1183,0.9208838
1184,0.9212344
1185,0.9123696
1186,0.93258435
1187,0.9366821
1188,0.9133936
1189,0.90524274
1190,0.915187
1191,0.92557687
1192,0.93447256
1193,0.89252675
1194,0.89608866
1195,0.9070785
1196,0.9455495
1197,0.9187441
1198,0.9652458
1199,0.92119086
1200,0.93842936
1201,0.90762556
1202,0.93762624
1203,0.93716973
1204,0.9424472
1205,0.89098954
1206,0.9238447
1207,0.92533123
1208,0.9024318
1209,0.94036925
1210,0.93254304
1211,0.9284589
1212,0.9405118
1213,0.9223232
1214,0.92193985
1215,0.90927356
1216,0.9213418
1217,0.9102299
1218,0.91935146
1219,0.9074625
1220,0.9324514
1221,0.9117354
1222,0.93739563
1223,0.9249655
1224,0.9142797
1225,0.9190469
1226,0.90089494
1227,0.9258981
1228,0.9047814
1229,0.9025811
1230,0.915274
1231,0.92716444
1232,0.9022052
1233,0.914557
1234,0.93434584
1235,0.9247099
1236,0.9053925
1237,0.91754687
1238,0.9021374
1239,0.9238306
1240,0.9175906
1241,0.90539515
1242,0.9109404
1243,0.90823746
1244,0.9258897
1245,0.9133154
1246,0.9604814
1247,0.9363415
1248,0.90727216
1249,0.91575074
1250,0.9181192
1251,0.9122
1252,0.9223479
1253,0.9114015
1254,0.922167
1255,0.9216119
1256,0.93452036
1257,0.91047204
1258,0.91672003
1259,0.92609924
1260,0.9191602
1261,0.9037895
1262,0.9031172
1263,0.94005895
1264,0.9147247
1265,0.89998627
1266,0.9212955
1267,0.9268988
1268,0.8945763
1269,0.9051118
1270,0.9419176
1271,0.90982944
1272,0.9291179
1273,0.90417576
1274,0.9246919
1275,0.9048674
1276,0.9131383
1277,0.9339588
1278,0.90358865
1279,0.9234134
1280,0.9128442
1281,0.9175613
1282,0.9497341
1283,0.92419136
1284,0.9105104
1285,0.9251324
1286,0.9349172
1287,0.9226263
1288,0.9232178
1289,0.9277187
1290,0.9227414
1291,0.9071423
1292,0.9244343
1293,1.006794
1294,0.9253403
1295,0.90783036
1296,0.9013428
1297,0.9215692
1298,0.9114339
1299,0.9467033
1300,0.9143337
1301,0.9135238
1302,0.9148376
1303,0.90355825
1304,0.91301143
1305,0.9239409
1306,0.94779015
1307,0.9039855
1308,0.9321147
1309,0.93181336
1310,0.9403308
1311,0.93530804
1312,0.9159833
1313,0.9562254
1314,0.9237238
1315,0.9329983
1316,0.9154365
1317,0.9045434
1318,0.9073553
1319,0.89730877
1320,0.9158447
1321,0.91395545
1322,0.9133519
1323,0.9033592
1324,0.9076692
1325,0.9190438
1326,0.912593
1327,0.8942743
1328,0.9066037
1329,0.9080782
1330,0.9028113
1331,0.92497873
1332,0.9437346
1333,0.9510906
1334,0.89724016
1335,0.9165327
1336,0.91043735
1337,0.928756
1338,0.9408082
1339,0.89664775
1340,0.9095336
1341,0.97438335
1342,0.90804017
1343,0.92714274
1344,0.90651715
1345,0.8988207
1346,0.9603278
1347,0.93224967
1348,0.90512335
1349,0.9004399
1350,0.9243133
1351,0.92037094
1352,0.89496756
1353,0.91141474
1354,0.9222053
1355,0.90767884
1356,0.94184595
1357,0.9163209
1358,0.9424411
1359,0.89736426
1360,0.91636705
1361,0.91015804
1362,0.9308685
1363,0.90907496
1364,0.9144675
1365,0.91644806
1366,0.9113039
1367,0.9880169
1368,0.8966069
1369,0.95441103
1370,0.9193567
1371,0.90661067
1372,0.92158484
1373,0.90306664
1374,0.9192363
1375,0.8973544
1376,0.9152845
1377,0.9342437
1378,0.9161735
1379,0.90001774
1380,0.9055015
1381,0.90996623
1382,0.95615804
1383,0.899957
1384,0.91802645
1385,0.9137454
1386,0.90640354
1387,0.91784465
1388,0.9089289
1389,0.90817857
1390,0.9127754
1391,0.87803453
1392,0.9029237
1393,0.9264914
1394,0.90182936
1395,0.92951775
1396,0.91145384
1397,0.91517115
1398,0.9001362
1399,0.91475624
1400,0.9080297
1401,0.8982772
1402,0.9000777
1403,0.9017881
1404,0.92362297
1405,0.95671
1406,0.91077983
1407,0.9059104
1408,0.9258327
1409,0.92521137
1410,0.9345739
1411,0.91617215
1412,0.92165166
1413,0.9233617
1414,0.9337451
1415,0.9379722
1416,0.91157615
1417,0.91433686
1418,0.9192096
1419,0.8976638
1420,0.93162835
1421,0.9096182
1422,0.9430437
1423,0.9165827
1424,0.91823775
1425,0.9285949
1426,0.912897
1427,0.9229433
1428,0.90169847
1429,0.9236442
1430,0.9166312
1431,0.9197253
1432,0.9389087
1433,0.9001449
1434,0.89512885
1435,0.91580045
1436,0.9393188
1437,0.90357584
1438,0.9082453
1439,0.9238839
1440,0.92059124
1441,0.95419765
1442,0.9189832
1443,0.93016243
1444,0.9053763
1445,0.91074723
1446,0.9532404
1447,0.90617794
1448,0.9373077
1449,0.96186006
1450,0.91672426
1451,0.9050605
1452,0.9407978
1453,0.9282513
1454,0.91758025
1455,0.9199775
1456,0.9478644
1457,0.9064317
1458,0.9416457
1459,0.9275507
1460,0.91709536
1461,0.9200282
1462,0.9103253
1463,0.9037212
1464,0.92354006
1465,0.90950966
1466,0.9060926
1467,0.8995932
1468,0.9071037
1469,0.912415
1470,0.9365166
1471,0.9222132
1472,0.88646746
1473,0.97437394
1474,0.9421566
1475,0.9084196
1476,0.9625576
1477,0.9650583
1478,0.99084204
1479,0.92502844
1480,0.910295
1481,0.9641272
1482,0.9023716
1483,0.9110973
1484,0.9183756
1485,0.89827657
1486,0.8831264
1487,0.93983173
1488,0.9274785
1489,0.92901194
1490,0.92896974
1491,0.9094157
1492,0.9013097
1493,0.9103955
1494,0.9072548
1495,0.921883
1496,0.93924725
1497,0.9143953
1498,0.94324625
1499,0.93946576
1500,0.91832495
1501,0.889446
1502,0.89598846
1503,0.90721166
1504,0.9153928
1505,0.9035343
1506,0.8966609
1507,0.94618803
1508,0.93911266
1509,0.91940725
1510,0.91483665
1511,0.9225416
1512,0.9098598
1513,0.936221
1514,0.8935827
1515,0.91305125
1516,0.9062165
1517,0.9285257
1518,0.9264867
1519,0.9166057
1520,0.9153923
1521,0.91093314
1522,0.90601313
1523,0.92218447
1524,0.9005242
1525,0.9143723
1526,0.9082346
1527,0.928146
1528,0.9090834
1529,0.9165183
1530,0.9572245
1531,0.90523803
1532,0.9132589
1533,0.92601156
1534,0.90378
1535,0.9007776
1536,0.91281044
1537,0.9378319
1538,0.89753914
1539,0.9199743
1540,0.91771245
1541,0.9042858
1542,0.93239194
1543,0.9435768
1544,0.91727203
1545,0.9178561
1546,0.9141563
1547,0.91999507
1548,0.9241273
1549,0.911951
1550,0.89818555
1551,0.88866067
1552,0.91232765
1553,0.9726056
1554,0.9079609
1555,0.92177767
1556,0.9208888
1557,0.9064522
1558,0.93248296
1559,0.9203555
1560,0.9294499
1561,0.91495836
1562,0.91282594
1563,0.908317
1564,0.89054835
1565,0.908514
1566,0.9249938
1567,0.9062356
1568,0.9107679
1569,0.92613655
1570,0.88623285
1571,0.9215524
1572,0.93481386
1573,0.9157456
1574,0.90443516
1575,0.90739065
1576,0.9301538
1577,0.8991334
1578,0.9125911
1579,0.921695
1580,0.9105901
1581,0.9278836
1582,0.9178879
1583,0.93182087
1584,0.93215144
1585,0.90407264
1586,0.90844405
1587,0.91866875
1588,0.9286791
1589,0.9376625
1590,0.9228413
1591,0.91645676
1592,0.92286325
1593,0.9218893
1594,0.9089062
1595,0.9563915
1596,0.93292266
1597,0.9175625
1598,0.92961013
1599,0.93036073
1600,0.9196634
1601,0.90305984
1602,0.9682348
1603,0.9149891
1604,0.97557914
1605,0.91136855
1606,0.90005004
1607,0.9107832
1608,0.9167287
1609,0.903038
1610,0.9449113
1611,0.91352546
1612,0.92967
1613,0.93523026
1614,0.9003719
1615,0.9021212
1616,0.9330511
1617,0.9186701
1618,0.93307364
1619,0.91346914
1620,0.9504713
1621,0.92133665
1622,0.90475726
1623,0.93838847
1624,0.91000104
1625,0.91075873
1626,0.89850426
1627,0.8891796
1628,0.9300912
1629,0.8998348
1630,0.9343971
1631,0.919075
1632,0.90650225
1633,0.9238922
1634,0.9426968
1635,0.9405371
1636,0.93981636
1637,0.9449954
1638,0.91416097
1639,0.9023178
1640,0.9927653
1641,0.91696566
1642,0.92225873
1643,0.93293846
1644,0.9152297
1645,0.92326075
1646,0.94102293
1647,0.90234053
1648,0.9285379
1649,0.913066
1650,0.94804156
1651,0.9103765
1652,0.9004985
1653,0.90328497
1654,0.9495987
1655,0.9663135
1656,0.94595146
1657,0.93296444
1658,0.89979374
1659,0.9130042
1660,0.93544126
1661,0.91353786
1662,0.9201599
1663,0.96297467
1664,0.9185364
1665,0.90366465
1666,0.9080713
1667,0.93932235
1668,0.90666384
1669,0.9532404
1670,0.9087391
1671,0.94808894
1672,0.91371393
1673,0.90470266
1674,0.9183446
1675,0.94138
1676,0.9274856
1677,0.90903497
1678,0.91098106
1679,0.90644616
1680,0.9200726
1681,0.9129494
1682,0.92051375
1683,0.9239037
1684,0.9281132
1685,0.9252719
1686,0.90249056
1687,0.9007933
1688,0.91591936
1689,0.91722536
1690,0.91976786
1691,0.905958
1692,0.9230804
1693,0.9105531
1694,0.9359025
1695,0.9232346
1696,0.89850867
1697,0.9369155
1698,0.90816325
1699,0.91512394
1700,0.94045174
1701,0.9169241
1702,0.9456277
1703,0.91394675
1704,0.93269336
1705,0.89850223
1706,0.9094142
1707,0.8987815
1708,0.9132067
1709,0.93550885
1710,0.9024203
1711,0.9276844
1712,0.9136294
1713,0.9219264
1714,0.93125176
1715,0.9118382
1716,0.9064599
1717,0.94946855
1718,0.9299326
1719,0.9236206
1720,0.8963884
1721,0.92289484
1722,0.9016191
1723,0.9187334
1724,0.9089062
1725,0.8857942
1726,0.92452157
1727,0.9056722
1728,0.91858834
1729,0.9199602
1730,0.92716783
1731,0.93199813
1732,0.9238095
1733,0.9156426
1734,0.9158026
1735,0.9129367
1736,0.9089166
1737,0.9067523
1738,0.91092324
1739,0.9048784
1740,0.90023255
1741,0.9169995
1742,0.94780475
1743,0.91920376
1744,0.9179119
1745,0.91598356
1746,0.90464056
1747,0.90653574
1748,0.9518676
1749,0.9166005
1750,0.9098657
1751,0.92418015
1752,0.9085744
1753,0.8996042
1754,0.9074856
1755,0.9144927
1756,0.94547385
1757,0.8957641
1758,0.9302474
1759,0.9217565
1760,0.90569174
1761,0.90923536
1762,0.9404373
1763,0.91058636
1764,0.99177575
1765,0.9087354
1766,0.906577
1767,0.9306059
1768,0.9009162
1769,0.927307
1770,0.95094764
1771,0.9440365
1772,0.92860305
1773,0.9083349
1774,0.96383584
1775,0.9010327
1776,0.9345528
1777,0.9232924
1778,0.90248895
1779,0.9622137
1780,0.89597404
1781,0.914279
1782,0.90616524
1783,0.9548627
1784,0.9370209
1785,0.95215774
1786,0.93006146
1787,0.91781384
1788,0.9047656
1789,0.91828
1790,0.91946185
1791,0.9286312
1792,0.9463246
1793,0.9509157
1794,0.922114
1795,0.89852625
1796,0.9231805
1797,0.9152052
1798,0.924923
1799,0.9265673
1800,0.9097433
1801,0.938531
1802,0.90550506
1803,0.90289736
1804,0.935783
1805,0.91639364
1806,0.91313404
1807,0.9195676
1808,0.9334299
1809,0.9435234
1810,0.9067928
1811,0.90596986
1812,0.90877473
1813,0.9139798
1814,0.90785104
1815,0.92922467
1816,0.9341247
1817,0.91293037
1818,0.92601925
1819,0.89813614
1820,0.9077623
1821,0.9364332
1822,0.94276845
1823,0.92278206
1824,0.90537703
1825,0.9034658
1826,0.9133338
1827,0.91152537
1828,0.93672264
1829,0.8991411
1830,0.9131743
1831,0.9663957
1832,0.92290753
1833,0.90041924
1834,0.9208683
1835,0.93605447
1836,0.9176255
1837,0.9310921
1838,0.92308927
1839,0.9034798
1840,0.935444
1841,0.8958425
1842,0.91342705
1843,0.92448545
1844,0.91123664
1845,0.9168341
1846,0.93033457
1847,0.9174657
1848,0.9192854
1849,0.91949004
1850,0.90795434
1851,0.9429561
1852,0.9329053
1853,0.9022563
1854,0.9138336
1855,0.9072516
1856,0.8980894
1857,0.92145634
1858,0.9112649
1859,0.93653923
1860,0.9076945
1861,0.9395602
1862,0.8997656
1863,0.9310832
1864,0.94835985
1865,0.92320144
1866,0.90634745
1867,0.93504727
1868,0.9687942
1869,0.9341825
1870,0.92313397
1871,0.9283333
1872,0.89521974
1873,0.9364388
1874,0.92503476
1875,0.9227568
1876,0.91338253
1877,0.92004895
1878,0.9127197
1879,0.91800815
1880,0.94241846
1881,0.9149891
1882,0.9005196
1883,0.91605306
1884,0.90986663
1885,0.9249303
1886,0.92890203
1887,0.9027777
1888,0.8949342
1889,0.9247391
1890,0.9149297
1891,0.9771229
1892,0.9241003
1893,0.9341079
1894,0.969746
1895,0.92616117
1896,0.9049169
1897,0.928184
1898,0.90765786
1899,0.9369576
1900,0.92940223
1901,0.91681635
1902,0.9107635
1903,0.904106
1904,0.90499616
1905,0.8961431
1906,0.91709805
1907,0.88611776
1908,0.9084196
1909,0.95310056
1910,0.91340613
1911,0.912665
1912,0.89656556
1913,0.949127
1914,0.90906906
1915,0.9394875
1916,0.9298092
1917,0.9347883
1918,0.90761876
1919,0.8942853
1920,0.9540721
1921,0.9272772
1922,0.8913388
1923,0.9385785
1924,0.94466573
1925,0.8963665
1926,0.9004308
1927,0.9181253
1928,0.90504646
1929,0.9001254
1930,0.9739115
1931,0.9136907
1932,0.90790963
1933,0.9040508
1934,0.9148563
1935,0.91105735
1936,0.9423095
1937,0.93269575
1938,0.9125391
1939,0.93276095
1940,0.9573856
1941,0.94343436
1942,0.9114665
1943,0.89774895
1944,0.91754556
1945,0.9114841
1946,0.9249732
1947,0.9388156
1948,0.9104319
1949,0.9064008
1950,0.9220768
1951,0.9110849
1952,0.9422929
1953,0.9147599
1954,0.92847717
1955,0.916645
1956,0.908718
1957,0.9181036
1958,0.92033273
1959,0.8942995
1960,0.919948
1961,0.9184947
1962,0.90865946
1963,0.9469641
1964,0.88608956
1965,0.9052807
1966,0.9181497
1967,0.902246
1968,0.93092084
1969,0.91060746
1970,0.9344735
1971,0.93309414
1972,0.9711821
1973,0.9169818
1974,0.92195565
1975,0.9228833
1976,0.90865177
1977,0.9460162
1978,0.91281486
1979,0.90040106
1980,0.93361807
1981,0.90304816
1982,0.9390662
1983,0.90291905
1984,0.9204315
1985,0.9136581
1986,0.9279811
1987,0.9004303
1988,0.9212228
1989,0.9140215
1990,0.9121583
1991,0.9349847
1992,0.904343
1993,0.93773293
1994,0.9054204
1995,0.91998327
1996,0.90233815
1997,0.9259327
1998,0.9139706
1999,0.89621824
2000,0.8987981
2001,0.91569465
2002,0.9240955
2003,0.88588566
2004,0.9267587
2005,0.9048174
2006,0.8988289
2007,0.8959057
2008,0.90039575
2009,0.9051256
2010,0.9259255
2011,0.91966796
2012,0.8987597
2013,0.9054631
2014,0.90570295
2015,0.91597307
2016,0.89135754
2017,0.93746865
2018,0.8848276
2019,0.9712485
2020,0.8884026
2021,0.8855992
2022,0.91063607
2023,0.87524474
2024,0.91997916
2025,0.8918878
2026,0.9071449
2027,0.920665
2028,0.91352564
2029,0.9268451
2030,0.9140003
2031,0.90917695
2032,0.9251735
2033,0.91100526
2034,0.95259535
2035,0.8964181
2036,0.9349905
2037,0.9078738
2038,0.88366616
2039,0.9201809
2040,0.9500264
2041,0.9843037
2042,0.9204848
2043,0.8994696
2044,0.9425528
2045,0.92002165
2046,0.90842116
2047,0.9234615
2048,0.9164542
2049,0.9441935
2050,0.91410536
2051,0.9310168
2052,0.9385821
2053,0.9085251
2054,0.9345404
2055,0.88683856
2056,0.9200951
2057,0.9128113
2058,0.8977053
2059,0.9036405
2060,0.89044785
2061,0.9609196
2062,0.93259513
2063,0.9409741
2064,0.9163405
2065,0.9113338
2066,0.9188094
2067,0.92617273
2068,0.89794517
2069,0.9062449
2070,0.91169214
2071,0.98938084
2072,0.9218366
2073,0.96759737
2074,0.9054481
2075,0.91285837
2076,0.9104587
2077,0.91251075
2078,0.9248575
2079,0.91194004
2080,0.89350677
2081,0.9208182
2082,0.9274527
2083,0.90936357
2084,0.9087913
2085,0.9233546
2086,0.88843787
2087,0.9450132
2088,0.943516
2089,0.9405532
2090,0.9364772
2091,0.92067313
2092,0.9091714
2093,0.9102291
2094,0.9046439
2095,0.9203541
2096,0.9005872
2097,0.9321686
2098,0.9309346
2099,0.91934645
2100,0.906147
2101,0.9294355
2102,0.9428319
2103,0.92940223
2104,0.93460643
2105,0.91200054
2106,0.92297685
2107,0.91032404
2108,0.9108137
2109,0.91130817
2110,0.9095874
2111,0.9247478
2112,0.90744555
2113,0.9632189
2114,0.90330327
2115,0.91496855
2116,0.92444074
2117,0.9188508
2118,0.92710936
2119,0.92154443
2120,0.9314641
2121,0.9138419
2122,0.91829526
2123,0.91263044
2124,0.9030695
2125,0.8944274
2126,0.9737083
2127,0.92862797
2128,0.9240302
2129,0.92212105
2130,0.89380634
2131,0.91324186
2132,0.9179485
2133,0.95472455
2134,0.9159624
2135,0.9285908
2136,0.9155375
2137,0.90552354
2138,0.9111639
2139,0.90837467
2140,0.9308103
2141,0.93129385
2142,0.91576743
2143,0.9124911
2144,0.94147223
2145,0.89686537
2146,0.9086424
2147,0.97152174
2148,0.93748224
2149,0.9346032
2150,0.8977449
2151,0.9245188
2152,0.9238573
2153,0.9134034
2154,0.9164292
2155,0.91383517
2156,0.9111974
2157,0.9100527
2158,0.9103607
2159,0.9266918
2160,0.92188746
2161,0.91808355
2162,0.95094824
2163,0.9104246
2164,0.91948783
2165,0.9115609
2166,0.93050885
2167,0.90572107
2168,0.9093591
2169,0.9000583
2170,0.90162694
2171,0.92294705
2172,0.905326
2173,0.915632
2174,0.9632405
2175,0.94240797
2176,0.9488381
2177,0.90826476
2178,0.9225214
2179,0.95306396
2180,0.9377043
2181,0.90429306
2182,0.9277042
2183,0.89804775
2184,0.9325849
2185,0.9459078
2186,0.89801013
2187,0.9077431
2188,0.91223675
2189,0.9294897
2190,0.9288348
2191,0.9310105
2192,0.9358089
2193,0.95062804
2194,0.9425654
2195,0.91834915
2196,0.9153433
2197,0.9510883
2198,0.92640126
2199,0.90073144
2200,0.9194294
2201,0.91635525
2202,0.9371332
2203,0.9188547
2204,0.90700746
2205,0.90207154
2206,0.92091495
2207,0.9123299
2208,0.92800516
2209,0.9284551
2210,0.9262638
2211,0.9039364
2212,0.93096936
2213,0.9001362
2214,0.91302586
2215,0.8954564
2216,0.94371134
2217,0.9166801
2218,0.9190266
2219,0.8948077
2220,0.9164049
2221,0.9187428
2222,0.9278638
2223,0.9327359
2224,0.9019486
2225,0.91661847
2226,0.9150026
2227,0.9181086
2228,0.9357703
2229,0.9484229
2230,0.90214944
2231,0.9216013
2232,0.9271208
2233,0.91213775
2234,0.89438784
2235,0.9124236
2236,0.89962524
2237,0.9235381
2238,0.9401249
2239,0.96075714
2240,0.9811051
2241,0.90647805
2242,0.9107541
2243,0.8987936
2244,0.9020136
2245,0.923951
2246,0.93009156
2247,0.9264239
2248,0.9278153
2249,0.92773795
2250,0.9317915
2251,0.9070792
2252,0.9215685
2253,0.92835784
2254,0.93565965
2255,0.926121
2256,0.88835716
2257,0.9388137
2258,0.90432215
2259,0.9115964
2260,0.9080452
2261,0.97162366
2262,0.8959302
2263,0.9054569
2264,0.9205903
2265,0.9208846
2266,0.90874976
2267,0.9095837
2268,0.91633725
2269,0.9381181
2270,0.91408616
2271,0.9220588
2272,0.91261655
2273,0.91224426
2274,0.90935546
2275,0.9031559
2276,0.93021965
2277,0.92474675
2278,0.9111619
2279,0.92593145
2280,0.9515799
2281,0.89821756
2282,0.92396116
2283,0.90659845
2284,0.9049289
2285,0.89654285
2286,0.9040805
2287,0.9023426
2288,0.90060294
2289,0.89118177
2290,0.9025761
2291,0.89563257
2292,0.90585816
2293,0.910486
2294,0.9283432
2295,0.9315108
2296,0.9313288
2297,0.89879453
2298,0.9707095
2299,0.9081654
2300,0.92414165
2301,0.91309416
2302,0.9574369
2303,0.92600167
2304,0.9050605
2305,0.91900635
2306,0.8979877
2307,0.9702517
2308,0.93508744
2309,0.9373622
2310,0.92682457
2311,0.9458566
2312,0.93835074
2313,0.9073926
2314,0.92709726
2315,0.89786595
2316,0.92478186
2317,0.9069815
2318,0.94179434
2319,0.9186754
2320,0.9264243
2321,0.90912557
2322,0.95186025
2323,0.8865439
2324,0.91613805
2325,0.9340314
2326,0.9092713
2327,0.9171076
2328,0.91386425
2329,0.9096996
2330,0.9144294
2331,0.9159678
2332,0.93763775
2333,0.93329906
2334,0.9203838
2335,0.9159807
2336,0.9175929
2337,0.90783453
2338,0.91512954
2339,0.9018781
2340,0.9230849
2341,0.8936688
2342,0.9147372
2343,0.9154115
2344,0.907039
2345,0.9190075
2346,0.90987754
2347,0.9509442
2348,0.92195964
2349,0.89273924
2350,0.92914855
2351,0.9085971
2352,0.89661324
2353,0.921829
2354,0.9216397
2355,0.9676023
2356,0.9207226
2357,0.93092215
2358,0.9116465
2359,0.9401042
2360,0.9134644
2361,0.9031615
2362,0.9276346
2363,0.9051367
2364,0.9439429
2365,0.9190532
2366,0.902213
2367,0.94595724
2368,0.90483373
2369,0.91402495
2370,0.9159705
2371,0.92878544
2372,0.92879105
2373,0.8995389
2374,0.9117334
2375,0.8853414
2376,0.9444059
2377,0.92815787
2378,0.9246936
2379,0.9534747
2380,0.93310905
2381,0.90068275
2382,0.92101455
2383,0.91977274
2384,0.89750123
2385,0.9201902
2386,0.94029224
2387,0.90529096
2388,0.93895376
2389,0.90480906
2390,0.9197121
2391,0.911689
2392,0.91080904
2393,0.95554906
2394,0.90783834
2395,0.9289272
2396,0.9131144
2397,0.9308903
2398,0.91776764
2399,0.91785973
2400,0.9298761
2401,0.9104758
2402,0.9216075
2403,0.89849603
2404,0.9313607
2405,0.95435005
2406,0.900755
2407,0.89801913
2408,0.9177366
2409,0.9121654
2410,0.9454061
2411,0.90786874
2412,0.88836944
2413,0.89578056
2414,0.9595296
2415,0.9440182
2416,0.92218477
2417,0.90315086
2418,0.9305323
2419,0.9363483
2420,0.88658816
2421,0.89147687
2422,0.91945827
2423,0.9213668
2424,0.87006056
2425,0.92193377
2426,0.93457264
2427,0.9095392
2428,0.9055301
2429,0.9134608
2430,0.9409081
2431,0.9419862
2432,0.91272676
2433,0.9209713
2434,0.90750873
2435,0.9114847
2436,0.91475
2437,0.9098904
2438,0.92189556
2439,0.9062797
2440,0.9364582
2441,0.91809666
2442,0.9241386
2443,0.92150646
2444,0.9432033
2445,0.915653
2446,0.9294462
2447,0.9016832
2448,0.9282322
2449,0.9005687
2450,0.9099797
2451,0.9331735
2452,0.91715205
2453,0.8990472
2454,0.93431354
2455,0.9243146
2456,0.9316945
2457,0.92620534
2458,0.9333232
2459,0.9201592
2460,0.89140105
2461,0.90894926
2462,0.8918284
2463,0.92964363
2464,0.9740036
2465,0.90531594
2466,0.92271686
2467,0.91485435
2468,0.9163615
2469,0.9574644
2470,0.92943513
2471,0.9172301
2472,0.92238927
2473,0.9427806
2474,0.9332458
2475,0.9227456
2476,0.93236655
2477,0.9588069
2478,0.921515
2479,0.90299857
2480,0.92533815
2481,0.91015023
2482,0.9407937
2483,0.88053775
2484,0.8916143
2485,0.8960783
2486,0.9203712
2487,0.91096306
2488,0.93867606
2489,0.9388981
2490,0.92016834
2491,0.9123027
2492,0.9018475
2493,0.94266164
2494,0.933151
2495,0.9054669
2496,0.90686715
2497,0.89301455
2498,0.90426195
2499,0.9101827
2500,0.9910171
2501,0.94878924
2502,0.90897155
2503,0.97220784
2504,0.9062247
2505,0.9228606
2506,0.9092014
2507,0.90315026
2508,0.9307983
2509,0.9186548
2510,0.89684373
2511,0.8985436
2512,0.93843466
2513,0.9015107
2514,0.91005087
2515,0.9084439
2516,0.94511086
2517,0.90764433
2518,0.89595914
2519,0.90451074
2520,0.9191079
2521,0.90674305
2522,0.921196
2523,0.91728395
2524,0.92643964
2525,0.9354419
2526,0.9123883
2527,0.9104316
2528,0.898666
2529,0.9457402
2530,0.89763606
2531,0.9076046
2532,0.92745703
2533,0.9247439
2534,0.8998126
2535,0.89963865
2536,0.9088725
2537,0.919811
2538,0.92854863
2539,0.9169032
2540,0.91064334
2541,0.9300772
2542,0.91494465
2543,0.87317425
2544,0.911842
2545,0.9023584
2546,0.95348287
2547,0.9120828
2548,0.9280888
2549,0.9039638
2550,0.91197765
2551,0.92074645
2552,0.9118275
2553,0.9090531
2554,0.9152787
2555,0.89365953
2556,0.9266648
2557,0.92637426
2558,0.92434037
2559,0.88349617
2560,0.9015889
2561,0.89874995
2562,0.9262182
2563,0.9318574
2564,0.9523804
2565,0.9146129
2566,0.9638454
2567,0.9302454
2568,0.95957315
2569,0.95271444
2570,0.9394965
2571,0.920558
2572,0.9351685
2573,0.89595115
2574,0.9124084
2575,0.9249622
2576,0.927702
2577,0.92269504
2578,0.9267011
2579,0.91183376
2580,0.93712986
2581,0.9233248
2582,0.88843596
2583,0.9227458
2584,0.9162952
2585,0.9362719
2586,0.9299409
2587,0.9119569
2588,0.9120201
2589,0.90598917
2590,0.9068907
2591,0.9657792
2592,0.9156501
2593,0.90757453
2594,0.9146904
2595,0.91196537
2596,0.92855126
2597,0.9478446
2598,0.92442286
2599,0.9089782
2600,0.9143212
2601,0.889125
2602,0.9064307
2603,0.9000422
2604,0.90026104
2605,0.9053986
2606,0.8976153
2607,0.9061414
2608,0.94175416
2609,0.912451
2610,0.9128117
2611,0.9010512
2612,0.93905246
2613,0.92910784
2614,0.9125408
2615,0.92177725
2616,0.92424035
2617,0.9334707
2618,0.9182811
2619,0.94230896
2620,0.970037
2621,0.91215354
2622,0.9530063
2623,0.9070268
2624,0.9134106
2625,0.9187597
2626,0.9561268
2627,0.91191447
2628,0.8884808
2629,0.9488416
2630,0.9490606
2631,0.92229724
2632,0.91903913
2633,0.9166362
2634,0.9406304
2635,0.9370495
2636,0.90575105
2637,0.9430406
2638,0.9330616
2639,0.90241563
2640,0.9099058
2641,0.9163238
2642,0.9258084
2643,0.92259264
2644,0.92379177
2645,0.938898
2646,0.89244
2647,0.93295383
2648,0.89906156
2649,0.92743814
2650,0.9077933
2651,0.9161828
2652,0.9220884
2653,0.9340459
2654,0.9067055
2655,0.9381989
2656,0.9261739
2657,0.9050875
2658,0.91730136
2659,0.9168117
2660,0.9233936
2661,0.925095
2662,0.908755
2663,0.92466354
2664,0.9337512
2665,0.9110509
2666,0.89152503
2667,0.92258006
2668,0.9148233
2669,0.9268906
2670,0.9064214
2671,0.9144012
2672,0.9220393
2673,0.9347267
2674,0.8984705
2675,0.92052114
2676,0.98400486
2677,0.90438014
2678,0.9187311
2679,0.9132592
2680,0.9185384
2681,0.9365517
2682,0.90768623
2683,0.9129876
2684,0.91488564
2685,0.94564074
2686,0.9302068
2687,0.92884696
2688,1.0087734
2689,0.92770904
2690,0.9166552
2691,0.92987573
2692,0.9088564
2693,0.901632
2694,0.9087408
2695,0.91633093
2696,0.908605
2697,0.9207759
2698,0.89719677
2699,0.9291357
2700,0.9005608
2701,0.93893206
2702,0.90919423
2703,0.89708424
2704,0.91798365
2705,0.9143317
2706,0.90381217
2707,0.913044
2708,0.8875608
2709,0.90399826
2710,0.9206326
2711,0.89764494
2712,0.9264297
2713,0.91928923
2714,0.91815877
2715,0.96041346
2716,0.9026722
2717,0.90603244
2718,0.90878695
2719,0.9640749
2720,0.90966785
2721,0.9157268
2722,0.91948116
2723,0.9180391
2724,0.9430164
2725,0.90764207
2726,0.93016255
2727,0.9075881
2728,0.90346897
2729,0.9142277
2730,0.9283757
2731,0.9198669
2732,0.9065794
2733,0.90695894
2734,0.90549284
2735,0.9060811
2736,0.9104389
2737,0.9147366
2738,0.9132761
2739,0.9232468
2740,0.9219787
2741,0.9364526
2742,0.9064959
2743,0.9210082
2744,0.96160555
2745,0.92469925
2746,0.93873274
2747,0.9055437
2748,0.92459863
2749,0.9171039
2750,0.9250197
2751,0.8928708
2752,0.9525822
2753,0.9201915
2754,0.91373897
2755,0.92548347
2756,0.9134102
2757,0.90098417
2758,0.92011213
2759,0.90892315
2760,0.94176984
2761,0.9204149
2762,0.94698495
2763,0.8940407
2764,0.9276782
2765,0.9263382
2766,0.9926713
2767,0.9419098
2768,0.91623724
2769,0.90616614
2770,0.9393411
2771,0.9134488
2772,0.91096735
2773,0.9167807
2774,0.9170772
2775,0.9095212
2776,0.9426266
2777,0.9117398
2778,0.91500473
2779,0.90346026
2780,0.9227556
2781,0.8972409
2782,0.932397
2783,0.8961718
2784,0.9214803
2785,0.91206
2786,0.91422415
2787,0.9045371
2788,0.8940206
2789,0.92481416
2790,0.9257214
2791,0.97440493
2792,0.9150064
2793,0.90207076
2794,0.9270861
2795,0.9276093
2796,0.90921974
2797,0.9301051
2798,0.91753745
2799,0.8938343
2800,0.9136366
2801,0.95007056
2802,0.94958127
2803,0.9266248
2804,0.90603715
2805,0.9056144
2806,0.91265017
2807,0.89965206
2808,0.90501285
2809,0.9234092
2810,0.9065106
2811,0.9163387
2812,0.8692016
2813,0.95008945
2814,0.9310601
2815,0.9457408
2816,0.90494865
2817,0.9074974
2818,0.9228158
2819,0.92760295
2820,0.91107225
2821,0.9292232
2822,0.9002279
2823,0.91407245
2824,0.9164927
2825,0.9002219
2826,0.8940413
2827,0.92178893
2828,0.90860856
2829,0.91542053
2830,0.9042239
2831,0.94931805
2832,0.89673096
2833,0.9285553
2834,0.9355217
2835,0.92955256
2836,0.90769875
2837,0.9100911
2838,0.91912997
2839,0.9222725
2840,0.9135361
2841,0.9226266
2842,0.89581466
2843,0.9129623
2844,0.9168778
2845,0.9340503
2846,0.9246894
2847,0.9209538
2848,0.8951199
2849,0.908463
2850,0.9087576
2851,0.9473764
2852,0.9341872
2853,0.9250959
2854,0.92667866
2855,0.9012462
2856,0.9355047
2857,0.92769057
2858,0.9517354
2859,0.9101404
2860,0.9146187
2861,0.9328784
2862,0.9298439
2863,0.9123763
2864,0.9327251
2865,0.9003781
2866,0.9082726
2867,0.90116376
2868,0.90930545
2869,0.9113873
2870,0.9504435
2871,0.93978655
2872,0.9222325
2873,0.93586355
2874,0.9198419
2875,0.9669653
2876,0.93737674
2877,0.9211091
2878,0.91065955
2879,0.90514946
2880,0.9280783
2881,0.9344828
2882,0.90466154
2883,0.9076255
2884,0.9147537
2885,0.9282092
2886,0.89476526
2887,0.9301991
2888,0.9398234
2889,0.9037324
2890,0.9226954
2891,0.92577046
2892,0.939923
2893,0.91108555
2894,0.9432064
2895,0.90556765
2896,0.9267214
2897,0.9413735
2898,0.92611915
2899,0.9052642
2900,0.91539
2901,0.9407333
2902,0.90637386
2903,0.92238367
2904,0.9034896
2905,0.91228336
2906,0.91798186
2907,0.9137446
2908,0.91656756
2909,0.8985787
2910,0.9096409
2911,0.9097094
2912,0.9060857
2913,0.9354359
2914,0.8914441
2915,0.91929054
2916,0.91341233
2917,0.8940846
2918,0.9044386
2919,0.9140124
2920,0.9020762
2921,0.9246925
2922,0.92372763
2923,0.9407933
2924,0.9204742
2925,0.9422451
2926,0.9230804
2927,0.9491725
2928,0.9111916
2929,0.952603
2930,0.91841835
2931,0.9287834
2932,0.9152074
2933,0.9354352
2934,0.9173442
2935,0.98637193
2936,0.91800857
2937,0.9183723
2938,0.9101729
2939,0.90918404
2940,0.93211234
2941,0.9478311
2942,0.9231847
2943,0.89719784
2944,0.92591137
2945,0.9074013
2946,0.8894998
2947,0.9163671
2948,0.927408
2949,0.90141886
2950,0.93800575
2951,0.9122385
2952,0.9266187
2953,0.91185284
2954,0.9064738
2955,0.91959476
2956,0.9101378
2957,0.9897277
2958,0.9141846
2959,0.91414505
2960,0.9373297
2961,0.9283265
2962,0.9111583
2963,0.93224055
2964,0.9157522
2965,0.91651857
2966,0.9113629
2967,0.9489155
2968,0.8901489
2969,0.92718184
2970,0.8994624
2971,0.9023169
2972,0.91478467
2973,0.9286448
2974,0.93889666
2975,0.9398501
2976,0.9343493
2977,0.91201365
2978,0.9234851
2979,0.89920497
2980,0.94030404
2981,0.9185182
2982,0.9510207
2983,0.9175503
2984,0.913975
2985,0.9135115
2986,0.91146624
2987,0.9218298
2988,0.93572974
2989,0.93032193
2990,0.91790867
2991,0.9016321
2992,0.920344
2993,0.9259018
2994,0.9200238
2995,0.9258957
2996,0.9314853
2997,0.9009474
2998,0.9497033
2999,0.91118574
3000,0.935798
3001,0.92489326
3002,0.8993647
3003,0.8992646
3004,0.90270436
3005,0.92801905
3006,0.8994738
3007,0.946439
3008,0.9014348
3009,0.9339553
3010,0.9164199
3011,0.92046976
3012,0.9263896
3013,0.94842
3014,0.9098973
3015,0.9188528
3016,0.9017006
3017,0.9064394
3018,0.9204714
3019,0.930879
3020,0.90806836
3021,0.9145198
3022,0.9103204
3023,0.9178686
3024,0.90092283
3025,0.88118875
3026,0.9111253
3027,0.92306745
3028,0.9325956
3029,0.91519177
3030,0.92169344
3031,0.8671622
3032,0.93281496
3033,0.9853189
3034,0.9019842
3035,0.9008757
3036,0.90938807
3037,0.9321238
3038,0.9252025
3039,0.91668415
3040,0.9243437
3041,0.9360099
3042,0.92045677
3043,0.94187665
3044,0.91805243
3045,0.89756495
3046,0.92330295
3047,0.9593713
3048,0.9179125
3049,0.9056667
3050,0.91187763
3051,0.9316315
3052,0.93399036
3053,0.91646844
3054,0.9095506
3055,0.9294472
3056,0.9407954
3057,0.96626
3058,0.90477115
3059,0.90712345
3060,0.91090083
3061,0.9145432
3062,0.9218469
3063,0.9024018
3064,0.9101169
3065,0.9153007
3066,0.90198624
3067,0.9241761
3068,0.94603944
3069,0.9032364
3070,0.9044871
3071,0.94221747
3072,0.9105286
3073,0.92324454
3074,0.9196272
3075,0.9549902
3076,0.9173672
3077,0.91437507
3078,0.9047518
3079,0.9164648
3080,0.9063664
3081,0.9629507
3082,0.8959503
3083,0.92192733
3084,0.922787
3085,0.9105418
3086,0.9027049
3087,0.9188234
3088,0.916922
3089,0.9150684
3090,0.89829814
3091,0.9566598
3092,0.9265937
3093,0.92299736
3094,0.8944981
3095,0.92630863
3096,0.90186334
3097,0.8977057
3098,0.91547203
3099,0.90355885
3100,0.92512226
3101,0.9064041
3102,0.90866065
3103,0.90904546
3104,0.90716743
3105,0.90437114
3106,0.9114937
3107,0.91201013
3108,0.89780164
3109,0.9276825
3110,0.89512444
3111,0.94007826
3112,0.91207457
3113,0.9238313
3114,0.9616897
3115,0.90840983
3116,0.92691714
3117,0.92409736
3118,0.92894775
3119,0.91814244
3120,0.90327513
3121,0.91166866
3122,0.91443455
3123,0.9180785
3124,0.9118766
3125,0.9267148
3126,0.919646
3127,0.9149766
3128,0.9184971
3129,0.9162363
3130,0.93847597
3131,0.9733387
3132,0.92649883
3133,0.9200341
3134,0.92959523
3135,0.95533943
3136,0.8913224
3137,0.8931883
3138,0.9258478
3139,0.95133543
3140,0.9090196
3141,0.89718795
3142,0.9215302
3143,0.9337507
3144,0.9134897
3145,0.907503
3146,0.9144561
3147,0.91355383
3148,0.91859055
3149,0.91719747
3150,0.9060048
3151,0.9164324
3152,0.9459989
3153,0.9068463
3154,0.93927985
3155,0.9131535
3156,0.9289502
3157,0.91329324
3158,0.9221338
3159,0.92321426
3160,0.9273848
3161,0.92384917
3162,0.92300105
3163,0.9392846
3164,0.9193373
3165,0.8956976
3166,0.9103817
3167,0.934945
3168,0.9108862
3169,0.9079033
3170,0.93460643
3171,0.91360587
3172,0.9327059
3173,0.90183735
3174,0.920325
3175,0.9009317
3176,0.9274501
3177,0.9133938
3178,0.91784954
3179,0.9245821
3180,0.9228108
3181,0.9076787
3182,0.9407501
3183,0.9826868
3184,0.89475024
3185,0.92771447
3186,0.9545506
3187,0.92229164
3188,0.9087346
3189,0.9104363
3190,0.9154424
3191,0.9596541
3192,0.9374688
3193,0.9562036
3194,0.9212268
3195,0.9707785
3196,0.9127046
3197,0.9036916
3198,0.95561504
3199,0.9029778
3200,0.9361569
3201,0.9831754
3202,0.92505276
3203,0.899209
3204,0.92086065
3205,0.9202508
3206,0.9177363
3207,0.96331716
3208,0.9236132
3209,0.92337036
3210,0.9087639
3211,0.9122218
3212,0.92121935
3213,0.94090545
3214,0.9163327
3215,0.92031646
3216,0.9299344
3217,0.92502415
3218,0.91287726
3219,0.90060127
3220,0.89793015
3221,0.9426056
3222,0.9805816
3223,0.9291189
3224,0.9225978
3225,0.9139666
3226,0.9499705
3227,0.9419435
3228,0.89432144
3229,0.93121725
3230,0.9417515
3231,0.9027288
3232,0.9008473
3233,0.9111166
3234,0.93168736
3235,0.89154303
3236,0.93339
3237,0.923957
3238,0.93908656
3239,0.95641494
3240,0.9150138
3241,0.9807428
3242,0.9063915
3243,0.9257734
3244,0.89846087
3245,0.93036985
3246,0.9045627
3247,0.9260204
3248,0.91766065
3249,0.9249594
3250,0.91439784
3251,0.9305186
3252,0.9104144
3253,0.9441258
3254,0.917665
3255,0.92869866
3256,0.92556894
3257,0.9314127
3258,0.9392931
3259,0.9128916
3260,0.9066647
3261,0.91245925
3262,0.9110902
3263,0.9204895
3264,0.9158324
3265,0.9172081
3266,0.9103925
3267,0.9152648
3268,0.91400623
3269,0.90969527
3270,0.8893684
3271,0.91412
3272,0.93330926
3273,0.9483321
3274,0.93155575
3275,0.91144913
3276,0.9314405
3277,0.9123994
3278,0.94414043
3279,0.9334794
3280,0.9207071
3281,0.9384197
3282,0.9212013
3283,0.9284066
3284,0.9032732
3285,0.91776276
3286,0.9246322
3287,0.9077145
3288,0.9164536
3289,0.92898816
3290,0.921781
3291,0.9078635
3292,0.9164736
3293,0.94441473
3294,0.93384165
3295,0.9125455
3296,0.9060091
3297,0.91297925
3298,0.9125278
3299,0.8967655
3300,0.91140485
3301,0.8789347
3302,0.89786637
3303,0.9337684
3304,0.9253139
3305,0.9172591
3306,0.89376783
3307,0.9821329
3308,0.9109067
3309,0.91516685
3310,0.91519064
3311,0.9137752
3312,0.9324746
3313,0.91837966
3314,0.93822664
3315,0.9349936
3316,0.90873873
3317,0.9178536
3318,0.91874355
3319,0.9173107
3320,0.89671344
3321,0.95401824
3322,0.9155668
3323,0.90281606
3324,0.9048767
3325,0.9130705
3326,0.9260198
3327,0.91841584
3328,0.9073926
3329,0.91756964
3330,0.92295074
3331,0.9081197
3332,0.9092193
3333,0.9385607
3334,0.8974874
3335,0.9150333
3336,0.9155556
3337,0.90768814
3338,0.9180052
3339,0.93410456
3340,0.9137163
3341,0.9169285
3342,0.9262558
3343,0.8974501
3344,0.8972807
3345,0.9690398
3346,0.9025686
3347,0.94215107
3348,0.90833163
3349,0.9066887
3350,0.9230241
3351,0.90484786
3352,0.92590797
3353,0.9121696
3354,0.90418184
3355,0.9259876
3356,0.9571536
3357,0.921412
3358,0.9288753
3359,0.9016564
3360,0.96015763
3361,0.93109584
3362,0.95043445
3363,0.92834103
3364,0.89809597
3365,0.9097539
3366,0.91043293
3367,0.9269
3368,0.9233663
3369,0.91788435
3370,0.90494823
3371,0.9393585
3372,0.9021853
3373,0.93070894
3374,0.91657597
3375,0.92614555
3376,0.9227238
3377,0.9326484
3378,0.91357183
3379,0.9147177
3380,0.895558
3381,0.9067312
3382,0.92433286
3383,0.91549957
3384,0.8735481
3385,0.89423823
3386,0.9685768
3387,0.93026555
3388,0.9288064
3389,0.91269803
3390,0.93253934
3391,0.913846
3392,0.95652246
3393,0.9170056
3394,0.91548073
3395,0.9312665
3396,0.9426946
3397,0.92467976
3398,0.9150197
3399,0.9274467
3400,0.9118402
3401,0.9157808
3402,0.9423268
3403,0.92550135
3404,0.90337586
3405,0.9124028
3406,0.92146933
3407,0.9199099
3408,0.91248405
3409,0.91819394
3410,0.9282701
3411,0.921587
3412,0.90582883
3413,0.91509324
3414,0.8915221
3415,0.898734
3416,0.94108385
3417,0.9361138
3418,0.9080735
3419,0.94379437
3420,0.9586368
3421,0.90944695
3422,0.94578004
3423,0.8954513
3424,0.94740057
3425,0.9090457
3426,0.93143344
3427,0.9173777
3428,0.90292585
3429,0.9360849
3430,0.89777684
3431,0.93062717
3432,0.8971539
3433,0.90671027
3434,0.94696116
3435,0.93368083
3436,0.9097445
3437,0.91855
3438,0.8988726
3439,0.91985685
3440,0.9540755
3441,0.9343044
3442,0.92040694
3443,0.90232456
3444,0.9089727
3445,0.92882127
3446,0.91965735
3447,0.9242851
3448,0.90134877
3449,0.9151009
3450,0.8982268
3451,0.92955136
3452,0.9056746
3453,0.9064113
3454,0.90495795
3455,0.91396964
3456,0.8955108
3457,0.913828
3458,0.884871
3459,0.91440856
3460,0.9180602
3461,0.9353952
3462,0.9268935
3463,0.93146425
3464,0.93555915
3465,0.91499555
3466,0.92400026
3467,0.92859423
3468,0.93137753
3469,0.9300176
3470,0.9042207
3471,0.9022838
3472,0.91805476
3473,0.92012346
3474,0.91614383
3475,0.9104239
3476,0.9125898
3477,0.9389044
3478,0.92354345
3479,0.93123007
3480,0.92593837
3481,0.9165565
3482,0.90668565
3483,0.91606474
3484,0.9225501
3485,0.9168042
3486,0.9022362
3487,0.9321419
3488,0.9209958
3489,0.9519862
3490,0.9081937
3491,0.93006593
3492,0.91644245
3493,0.96902907
3494,0.8961285
3495,0.9251708
3496,0.9084377
3497,0.90113986
3498,0.9060644
3499,0.92776614
3500,0.90565807
3501,0.95180345
3502,0.9304776
3503,0.9046789
3504,0.9009353
3505,0.916536
3506,0.9295951
3507,0.9229047
3508,0.93588215
3509,0.89294446
3510,0.90075743
3511,0.90576136
3512,0.9230132
3513,0.9053316
3514,0.88604784
3515,0.9056332
3516,0.9294157
3517,0.92541885
3518,0.8974186
3519,0.9140499
3520,0.90873754
3521,0.9256649
3522,0.90439403
3523,0.9318553
3524,0.91124433
3525,0.95308226
3526,0.92664564
3527,0.9420281
3528,0.91473824
3529,0.9092652
3530,0.9071738
3531,0.9221016
3532,0.9123267
3533,0.92055833
3534,0.9296508
3535,0.90024567
3536,0.9327751
3537,0.9137685
3538,0.9356818
3539,0.9310335
3540,0.9425794
3541,0.9123019
3542,0.93207216
3543,0.93794584
3544,0.9164514
3545,0.94622886
3546,0.9130326
3547,0.93753445
3548,0.92088187
3549,0.8783983
3550,0.91756886
3551,0.92154884
3552,0.9044473
3553,0.91293085
3554,0.9079764
